player_id,player_display_name,position,recent_team,season,pred_passing_yards,pred_passing_tds,pred_passing_interceptions,pred_rushing_yards,pred_rushing_tds,pred_fantasy_points_ppr,pred_receptions,pred_receiving_yards,pred_receiving_tds,pred_targets,pred_fg_made,pred_fg_att,pred_pat_made
00-0023436,Alex Smith,QB,WAS,2020,1369.4,6.4,5.8,28.6,0.6,77.3,,,,,,,
00-0020531,Drew Brees,QB,NO,2020,3950.9,26.4,10.5,52.5,0.8,249.2,,,,,,,
00-0027796,Joe Webb,QB,NYG,2020,757.3,4.7,3.3,57.4,0.7,64.3,,,,,,,
00-0029665,Robert Griffin III,QB,BAL,2020,1144.9,6.3,3.9,200.2,1.6,100.2,,,,,,,
00-0036433,Tommy Stevens,QB,CAR,2020,859.6,5.4,3.4,101.6,0.8,74.8,,,,,,,
00-0030151,Tyler Bray,QB,CHI,2020,750.8,4.9,2.8,57.3,0.6,63.9,,,,,,,
00-0036384,Ben DiNucci,QB,DAL,2020,960.6,5.9,3.7,129.6,1.2,92.4,,,,,,,
00-0035232,Dwayne Haskins,QB,WAS,2020,1658.3,8.7,6.2,76.9,0.8,105.8,,,,,,,
00-0036312,Jake Luton,QB,JAX,2020,957.1,5.8,3.5,47.4,0.7,73.8,,,,,,,
00-0035652,Ryan Finley,QB,CIN,2020,1315.0,7.3,5.4,202.7,1.9,98.2,,,,,,,
00-0022787,Matt Schaub,QB,ATL,2020,819.7,4.6,3.1,76.1,0.7,55.3,,,,,,,
00-0022924,Ben Roethlisberger,QB,PIT,2021,3713.7,25.0,10.1,38.9,0.7,238.3,,,,,,,
00-0034343,Josh Rosen,QB,ATL,2021,621.8,3.2,2.1,51.6,0.4,44.9,,,,,,,
00-0032245,Sean Mannion,QB,MIN,2021,1185.2,6.5,5.4,87.1,1.0,70.9,,,,,,,
00-0036197,Jake Fromm,QB,NYG,2021,1215.0,7.5,5.1,172.0,1.3,105.6,,,,,,,
00-0031395,Garrett Gilbert,QB,WAS,2021,969.8,4.7,3.9,83.9,0.9,67.9,,,,,,,
00-0030520,Mike Glennon,QB,NYG,2021,933.5,4.3,3.3,37.9,0.7,49.5,,,,,,,
00-0027939,Cam Newton,QB,CAR,2021,1669.1,8.4,4.7,577.3,6.0,142.6,,,,,,,
00-0034131,Kurt Benkert,QB,GB,2021,942.0,6.2,4.8,100.2,1.1,86.0,,,,,,,
00-0036946,Kellen Mond,QB,MIN,2021,930.9,4.5,4.7,95.1,1.0,63.9,,,,,,,
00-0036929,Ian Book,QB,NO,2021,744.6,3.9,2.2,51.2,0.6,48.4,,,,,,,
00-0023682,Ryan Fitzpatrick,QB,WAS,2021,718.0,3.5,3.7,51.6,0.5,46.3,,,,,,,
00-0032792,Nate Sudfeld,QB,DET,2022,823.1,4.8,3.3,67.2,0.7,54.1,,,,,,,
00-0037175,Anthony Brown,QB,BAL,2022,870.7,5.7,3.2,52.1,0.6,58.1,,,,,,,
00-0026143,Matt Ryan,QB,IND,2022,2962.6,16.8,9.2,74.3,0.6,177.6,,,,,,,
00-0026197,Chad Henne,QB,KC,2022,768.4,5.7,3.7,61.7,0.5,57.5,,,,,,,
00-0036879,Sam Ehlinger,QB,IND,2022,1239.1,6.1,3.6,157.2,1.2,86.3,,,,,,,
00-0026544,Chase Daniel,QB,LAC,2022,845.0,4.5,4.3,52.4,0.4,53.0,,,,,,,
00-0027688,Colt McCoy,QB,ARI,2022,1070.5,5.1,4.2,65.6,0.7,67.4,,,,,,,
00-0034899,John Wolford,QB,LA,2022,1094.9,5.6,5.1,149.0,1.1,72.7,,,,,,,
00-0029567,Nick Foles,QB,IND,2022,662.6,3.1,2.8,32.1,0.4,38.8,,,,,,,
00-0035040,David Blough,QB,ARI,2022,1090.4,5.8,4.7,50.5,1.0,65.1,,,,,,,
00-0035146,Trace McSorley,QB,ARI,2022,925.7,4.3,3.3,150.1,0.8,69.5,,,,,,,
00-0033550,Davis Webb,QB,NYG,2022,1716.9,9.3,8.0,227.3,1.7,117.5,,,,,,,
00-0036226,Jacob Eason,QB,CAR,2022,736.7,3.8,2.3,57.4,0.6,48.6,,,,,,,
00-0035939,Bryce Perkins,QB,LA,2022,989.1,5.3,4.3,170.8,1.2,70.2,,,,,,,
00-0035752,Chris Streveler,QB,NYJ,2022,1522.5,7.4,6.7,264.8,2.0,117.4,,,,,,,
00-0019596,Tom Brady,QB,TB,2022,3714.7,25.3,10.0,52.1,0.8,234.2,,,,,,,
00-0029701,Ryan Tannehill,QB,TEN,2023,1784.6,9.2,4.8,100.4,0.8,113.7,,,,,,,
00-0032436,Jeff Driskel,QB,CLE,2023,1076.3,5.3,3.5,96.7,0.8,69.6,,,,,,,
00-0033958,Nathan Peterman,QB,CHI,2023,847.5,5.0,3.2,64.2,0.6,55.4,,,,,,,
00-0034438,Logan Woodside,QB,ATL,2023,663.9,3.3,2.3,56.1,0.4,46.6,,,,,,,
00-0033275,PJ Walker,QB,CLE,2023,993.2,3.9,3.6,47.3,0.5,44.0,,,,,,,
00-0032156,Trevor Siemian,QB,NYJ,2023,1000.2,4.5,3.8,41.9,0.5,49.3,,,,,,,
00-0033936,C.J. Beathard,QB,JAX,2023,1144.3,6.5,4.5,121.7,1.1,80.3,,,,,,,
00-0035282,Easton Stick,QB,LAC,2023,1472.2,8.3,5.6,210.4,1.9,112.9,,,,,,,
00-0038391,Sean Clifford,QB,GB,2023,672.9,3.8,2.3,64.5,0.6,45.6,,,,,,,
00-0026625,Brian Hoyer,QB,LV,2023,903.6,4.9,3.2,51.4,0.5,56.6,,,,,,,
00-0031288,AJ McCarron,QB,CIN,2023,669.3,3.4,2.5,64.0,0.6,44.3,,,,,,,
00-0027948,Blaine Gabbert,QB,KC,2023,1120.7,5.8,4.1,202.2,1.0,87.8,,,,,,,
00-0028986,Case Keenum,QB,HOU,2023,911.2,4.7,3.6,42.7,0.5,54.4,,,,,,,
00-0030533,Matt Barkley,QB,JAX,2023,711.1,4.2,3.4,57.8,0.5,51.1,,,,,,,
00-0038598,Jaren Hall,QB,MIN,2023,1020.8,6.0,4.0,567.6,4.7,112.4,,,,,,,
00-0038583,Dorian Thompson-Robinson,QB,CLE,2024,734.0,3.4,3.3,120.6,0.9,48.1,,,,,,,
00-0033537,Deshaun Watson,QB,CLE,2024,1032.7,6.3,3.7,150.1,0.8,72.7,,,,,,,
00-0031280,Derek Carr,QB,NO,2024,2821.7,18.3,8.9,78.3,0.6,188.2,,,,,,,
00-0036928,Kyle Trask,QB,TB,2024,766.6,4.8,3.0,70.9,0.6,53.1,,,,,,,
00-0038550,Hendon Hooker,QB,DET,2024,904.1,5.4,3.1,60.3,0.6,69.0,,,,,,,
00-0038476,Tommy DeVito,QB,NYG,2024,809.1,4.2,3.1,78.5,0.7,57.6,,,,,,,
00-0037077,Sam Howell,QB,SEA,2024,716.1,3.9,3.4,51.5,0.5,49.8,,,,,,,
00-0031800,Taylor Heinicke,QB,LAC,2024,750.7,3.6,3.1,57.2,0.5,46.5,,,,,,,
00-0038122,Desmond Ridder,QB,LV,2024,675.1,4.2,3.5,52.1,0.5,45.9,,,,,,,
00-0037327,Skylar Thompson,QB,MIA,2024,813.1,4.1,2.6,52.9,0.5,53.3,,,,,,,
00-0039152,Will Levis,QB,TEN,2024,1674.2,9.0,6.1,109.0,0.8,114.7,,,,,,,
00-0034401,Mike White,QB,BUF,2024,655.5,3.7,2.3,42.7,0.4,43.6,,,,,,,
00-0038108,Bailey Zappe,QB,CLE,2024,937.5,4.4,4.6,38.9,0.4,53.0,,,,,,,
00-0038998,Jake Haener,QB,NO,2024,1286.8,8.3,5.3,94.3,0.8,95.1,,,,,,,
00-0034177,Tim Boyle,QB,NYG,2024,870.9,4.9,3.5,41.4,0.4,49.8,,,,,,,
00-0023459,Aaron Rodgers,QB,PIT,2025,3358.1,23.4,8.6,72.6,0.6,218.0,,,,,,,
00-0040668,Shedeur Sanders,QB,CLE,2025,1451.4,7.2,5.5,120.4,1.0,86.2,,,,,,,
00-0040673,Jalen Milroe,QB,SEA,2025,655.7,3.5,3.1,62.6,0.5,46.7,,,,,,,
00-0040676,Cam Ward,QB,TEN,2025,2641.4,17.0,7.6,137.7,1.1,176.5,,,,,,,
00-0040691,Jaxson Dart,QB,NYG,2025,2822.2,20.2,7.2,437.4,5.1,218.8,,,,,,,
00-0040704,Dillon Gabriel,QB,CLE,2025,1828.0,8.3,6.7,110.6,0.7,118.8,,,,,,,
00-0037834,Brock Purdy,QB,SF,2025,2879.7,20.9,8.2,150.4,1.1,222.9,,,,,,,
00-0037324,Chris Oladokun,QB,KC,2025,1023.5,6.2,4.7,77.2,0.8,60.9,,,,,,,
00-0038102,Kenny Pickett,QB,LV,2025,919.9,4.9,3.5,55.7,0.5,57.2,,,,,,,
00-0038400,Tanner McKee,QB,PHI,2025,896.6,5.1,3.1,40.4,0.4,55.2,,,,,,,
00-0038128,Malik Willis,QB,GB,2025,1034.3,6.1,3.4,216.2,1.9,92.0,,,,,,,
00-0037013,Zach Wilson,QB,MIA,2025,686.0,4.0,3.6,49.6,0.4,46.7,,,,,,,
00-0037012,Trey Lance,QB,LAC,2025,1040.2,5.2,3.0,200.5,1.2,76.4,,,,,,,
00-0038416,Tyson Bagent,QB,CHI,2025,735.9,3.7,2.6,72.2,0.5,52.7,,,,,,,
00-0036972,Mac Jones,QB,SF,2025,2071.2,11.8,7.8,67.1,0.5,132.8,,,,,,,
00-0036971,Trevor Lawrence,QB,JAX,2025,3094.3,20.8,9.3,267.2,4.5,238.0,,,,,,,
00-0026158,Joe Flacco,QB,CIN,2025,2483.1,18.4,7.8,49.1,0.6,148.2,,,,,,,
00-0036945,Justin Fields,QB,NYJ,2025,2186.8,13.3,5.5,600.8,4.5,200.0,,,,,,,
00-0026300,Josh Johnson,QB,WAS,2025,1359.3,8.1,5.3,232.2,1.5,109.1,,,,,,,
00-0036898,Davis Mills,QB,HOU,2025,1499.5,8.9,5.1,150.8,1.2,123.3,,,,,,,
00-0026498,Matthew Stafford,QB,LA,2025,3910.0,29.0,9.0,37.8,0.7,241.7,,,,,,,
00-0027973,Andy Dalton,QB,CAR,2025,1017.9,5.9,4.0,38.0,0.5,62.2,,,,,,,
00-0038579,Aidan O'Connell,QB,LV,2025,719.9,3.1,3.2,35.2,0.4,50.2,,,,,,,
00-0038582,Clayton Tune,QB,GB,2025,647.3,3.3,2.2,85.6,0.6,46.9,,,,,,,
00-0028118,Tyrod Taylor,QB,NYJ,2025,952.3,5.1,3.3,128.5,0.9,63.5,,,,,,,
00-0036679,Shane Buechele,QB,KC,2025,839.0,5.1,2.9,61.7,0.6,67.2,,,,,,,
00-0029263,Russell Wilson,QB,NYG,2025,1799.7,10.9,4.6,112.2,0.6,121.1,,,,,,,
00-0029604,Kirk Cousins,QB,ATL,2025,2528.1,18.9,7.9,42.1,0.6,141.1,,,,,,,
00-0036442,Joe Burrow,QB,CIN,2025,3045.3,22.5,9.8,53.2,0.5,204.1,,,,,,,
00-0038658,Adrian Martinez,QB,SF,2025,804.1,4.1,3.0,75.0,0.7,53.7,,,,,,,
00-0030565,Geno Smith,QB,LV,2025,2955.7,17.8,8.4,97.8,0.7,181.4,,,,,,,
00-0036389,Jalen Hurts,QB,PHI,2025,2944.9,22.0,7.6,421.4,7.3,248.5,,,,,,,
00-0031237,Teddy Bridgewater,QB,TB,2025,778.8,4.4,2.6,50.6,0.4,51.6,,,,,,,
00-0036355,Justin Herbert,QB,LAC,2025,3330.9,23.2,8.5,334.8,2.8,253.3,,,,,,,
00-0031345,Jimmy Garoppolo,QB,LA,2025,757.0,5.5,3.6,37.1,0.4,55.5,,,,,,,
00-0036264,Jordan Love,QB,GB,2025,3340.4,22.6,9.0,160.5,0.9,249.3,,,,,,,
00-0031503,Jameis Winston,QB,NYG,2025,888.7,6.5,3.2,43.1,0.6,66.6,,,,,,,
00-0036212,Tua Tagovailoa,QB,MIA,2025,2869.0,19.4,9.1,55.2,0.6,179.4,,,,,,,
00-0035993,Tyler Huntley,QB,BAL,2025,1114.1,6.5,4.0,198.5,1.5,92.3,,,,,,,
00-0032268,Marcus Mariota,QB,WAS,2025,1925.0,12.4,5.8,145.4,0.8,143.7,,,,,,,
00-0032434,Brandon Allen,QB,TEN,2025,776.3,4.3,2.4,50.9,0.5,49.6,,,,,,,
00-0035704,Drew Lock,QB,SEA,2025,753.6,6.1,3.1,69.5,0.6,59.9,,,,,,,
00-0035710,Daniel Jones,QB,IND,2025,2396.1,13.7,6.0,125.5,1.1,165.2,,,,,,,
00-0032950,Carson Wentz,QB,MIN,2025,1104.0,6.4,4.2,99.5,0.6,82.2,,,,,,,
00-0033077,Dak Prescott,QB,DAL,2025,3611.5,24.8,10.1,169.3,1.2,245.3,,,,,,,
00-0033106,Jared Goff,QB,DET,2025,4087.9,29.9,10.3,56.8,0.9,259.3,,,,,,,
00-0039150,Bryce Young,QB,CAR,2025,2691.4,16.7,7.5,184.9,2.6,194.9,,,,,,,
00-0039163,C.J. Stroud,QB,HOU,2025,2977.1,18.7,8.1,142.5,0.9,205.5,,,,,,,
00-0033119,Jacoby Brissett,QB,ARI,2025,2849.8,17.9,7.8,106.0,0.8,185.7,,,,,,,
00-0035289,Gardner Minshew,QB,KC,2025,784.3,4.3,3.7,42.6,0.4,49.8,,,,,,,
00-0039164,Anthony Richardson,QB,IND,2025,924.7,6.3,3.5,79.0,0.7,75.8,,,,,,,
00-0033319,Nick Mullens,QB,JAX,2025,818.7,6.1,3.1,43.6,0.4,58.3,,,,,,,
00-0035264,Jarrett Stidham,QB,DEN,2025,851.7,4.9,3.6,60.6,0.6,56.6,,,,,,,
00-0039376,Spencer Rattler,QB,NO,2025,1563.9,9.1,5.2,121.2,0.8,91.1,,,,,,,
00-0035228,Kyler Murray,QB,ARI,2025,1683.8,8.9,3.9,241.4,3.6,130.7,,,,,,,
00-0035100,Jake Browning,QB,CIN,2025,817.8,5.1,3.7,48.1,0.6,48.5,,,,,,,
00-0039398,Joe Milton III,QB,DAL,2025,1284.5,7.1,5.2,222.2,1.6,105.3,,,,,,,
00-0033662,Cooper Rush,QB,BAL,2025,878.9,5.4,3.6,30.9,0.4,55.9,,,,,,,
00-0034955,Brett Rypien,QB,CIN,2025,736.2,4.0,3.5,53.0,0.5,49.4,,,,,,,
00-0034869,Sam Darnold,QB,SEA,2025,3480.3,23.7,10.7,76.3,0.6,228.9,,,,,,,
00-0034857,Josh Allen,QB,BUF,2025,3161.8,21.7,8.4,467.7,11.3,297.6,,,,,,,
00-0034855,Baker Mayfield,QB,TB,2025,3366.0,21.6,8.9,336.8,3.0,241.3,,,,,,,
00-0039732,Bo Nix,QB,DEN,2025,3231.2,20.0,9.6,356.1,3.3,243.9,,,,,,,
00-0039577,Kedon Slovis,QB,ARI,2025,663.0,3.4,3.1,62.0,0.5,45.7,,,,,,,
00-0033869,Mitchell Trubisky,QB,BUF,2025,909.6,6.0,3.6,41.6,0.6,65.7,,,,,,,
00-0033873,Patrick Mahomes,QB,KC,2025,3186.2,21.0,9.1,368.9,3.1,236.9,,,,,,,
00-0034796,Lamar Jackson,QB,BAL,2025,2851.6,23.0,8.1,386.2,2.8,243.9,,,,,,,
00-0034771,Mason Rudolph,QB,PIT,2025,859.7,4.9,4.0,44.5,0.4,51.7,,,,,,,
00-0034577,Kyle Allen,QB,DET,2025,770.4,4.7,3.3,66.3,0.5,51.0,,,,,,,
00-0033949,Joshua Dobbs,QB,NE,2025,844.9,6.7,3.6,59.5,0.5,61.4,,,,,,,
00-0039910,Jayden Daniels,QB,WAS,2025,2382.3,17.1,6.4,455.2,4.0,201.5,,,,,,,
00-0039851,Drake Maye,QB,NE,2025,3145.1,21.8,10.9,324.1,3.1,240.2,,,,,,,
00-0039923,J.J. McCarthy,QB,MIN,2025,2129.5,10.9,6.9,158.7,4.6,159.5,,,,,,,
00-0039917,Michael Penix Jr.,QB,ATL,2025,1846.8,10.1,6.2,95.7,0.7,122.1,,,,,,,
00-0039918,Caleb Williams,QB,CHI,2025,3355.8,21.3,10.5,391.9,3.8,252.9,,,,,,,
00-0040206,Riley Leonard,QB,IND,2025,769.1,4.5,3.2,52.4,0.7,51.7,,,,,,,
00-0040494,Max Brosmer,QB,MIN,2025,786.0,4.1,3.2,37.9,0.5,48.8,,,,,,,
00-0040234,Quinn Ewers,QB,MIA,2025,924.1,5.0,5.0,40.1,0.7,49.4,,,,,,,
00-0040398,Brady Cook,QB,NYJ,2025,997.0,4.3,4.4,74.3,0.8,57.2,,,,,,,
00-0022942,Philip Rivers,QB,IND,2025,2229.0,17.8,5.8,31.7,0.5,123.0,,,,,,,
00-0040743,Tyler Shough,QB,NO,2025,2026.8,8.7,6.9,115.7,1.2,132.4,,,,,,,
00-0032577,D.J. Foster,RB,ARI,2020,,,,59.0,0.3,12.7,3.8,25.3,0.5,,,,
00-0034349,Kerryon Johnson,RB,DET,2020,,,,126.6,0.9,59.6,22.9,181.5,1.3,,,,
00-0027029,LeSean McCoy,RB,TB,2020,,,,74.0,0.1,23.0,8.9,69.7,0.6,,,,
00-0034432,Bo Scarbrough,RB,SEA,2020,,,,303.0,1.5,68.5,11.3,77.5,0.3,,,,
00-0034457,Josh Adams,RB,NYJ,2020,,,,132.0,0.9,35.1,8.4,69.8,0.1,,,,
00-0028087,Dion Lewis,RB,NYG,2020,,,,116.9,0.5,39.7,15.6,123.5,0.8,,,,
00-0029141,Alfred Morris,RB,NYG,2020,,,,436.6,2.6,81.1,14.7,129.4,0.2,,,,
00-0029615,Lamar Miller,RB,CHI,2020,,,,77.8,0.7,29.0,16.4,134.7,1.6,,,,
00-0033838,Trey Edmunds,RB,PIT,2020,,,,90.1,0.5,18.0,4.2,29.7,0.1,,,,
00-0036435,Raymond Calais,RB,LA,2020,,,,68.4,0.5,14.3,4.2,28.8,0.3,,,,
00-0030404,Chris Thompson,RB,JAX,2020,,,,56.7,0.2,19.5,14.0,132.6,1.1,,,,
00-0030107,Theo Riddick,RB,LV,2020,,,,55.8,0.2,14.6,4.1,26.2,0.1,,,,
00-0034995,Dexter Williams,RB,GB,2020,,,,91.4,0.3,16.3,5.2,43.0,0.8,,,,
00-0033556,Tarik Cohen,RB,CHI,2020,,,,154.0,0.8,49.6,24.3,192.0,2.0,,,,
00-0035148,Darwin Thompson,RB,KC,2020,,,,176.4,0.8,40.8,12.9,91.6,0.2,,,,
00-0031209,Senorise Perry,RB,TEN,2020,,,,109.5,0.6,20.0,5.9,34.6,0.7,,,,
00-0036245,Malcolm Perry,RB,MIA,2020,,,,47.4,0.4,32.6,17.0,142.6,1.6,,,,
00-0033164,Troymaine Pope,RB,LAC,2020,,,,172.6,0.6,35.4,9.5,63.8,0.8,,,,
00-0036188,Antonio Williams,RB,BUF,2020,,,,253.9,1.0,54.4,9.5,65.8,0.1,,,,
00-0035551,Tony Brooks-James,RB,ATL,2020,,,,79.3,0.4,16.7,5.2,38.1,0.2,,,,
00-0036078,Xavier Jones,RB,LA,2020,,,,83.1,0.5,16.3,3.7,28.0,0.3,,,,
00-0036000,Adrian Killins Jr.,RB,PHI,2020,,,,240.9,1.5,58.5,12.9,82.6,0.2,,,,
00-0036033,Sewo Olonilua,RB,DAL,2020,,,,84.5,0.5,16.7,3.9,28.1,0.1,,,,
00-0032209,T.J. Yeldon,RB,BUF,2020,,,,154.4,0.8,46.0,11.8,97.6,1.1,,,,
00-0032940,DeAndre Washington,RB,MIA,2020,,,,163.8,0.6,33.2,7.6,54.4,0.1,,,,
00-0035912,Levante Bellamy,RB,DEN,2020,,,,81.9,0.5,15.3,3.5,27.0,0.1,,,,
00-0032241,Todd Gurley,RB,ATL,2020,,,,452.7,4.8,106.7,16.9,111.3,0.6,,,,
00-0032393,C.J. Prosise,RB,HOU,2020,,,,62.7,0.4,30.4,21.5,182.3,2.1,,,,
00-0032404,Tyler Ervin,RB,GB,2020,,,,122.6,0.5,44.2,17.0,151.4,1.8,,,,
00-0023500,Frank Gore,RB,NYJ,2020,,,,425.6,3.4,96.9,15.7,118.8,0.6,,,,
00-0034331,Jaylen Samuels,RB,HOU,2021,,,,77.3,0.3,21.2,5.4,33.5,0.5,,,,
00-0034311,Johnny Stanton,RB,CLE,2021,,,,96.6,0.6,19.6,4.2,38.2,0.1,,,,
00-0035760,Jacques Patrick,RB,SF,2021,,,,252.0,1.1,66.6,11.3,78.0,0.9,,,,
00-0032426,Alex Collins,RB,SEA,2021,,,,340.3,2.0,71.2,12.0,86.9,0.2,,,,
00-0032741,Peyton Barber,RB,LV,2021,,,,263.0,1.4,64.2,12.2,90.5,0.4,,,,
00-0035835,Nathan Cottrell,RB,JAX,2021,,,,83.9,0.5,18.4,3.9,27.1,0.3,,,,
00-0035898,Darius Bradwell,RB,LAC,2021,,,,76.8,0.5,16.6,4.0,28.4,0.1,,,,
00-0032782,Wendell Smallwood,RB,WAS,2021,,,,427.9,3.3,92.7,13.8,88.6,0.2,,,,
00-0035957,Rodney Smith,RB,CAR,2021,,,,160.1,1.2,34.5,9.6,59.6,0.2,,,,
00-0036069,Scottie Phillips,RB,HOU,2021,,,,94.1,0.6,21.1,5.2,37.9,0.2,,,,
00-0032972,Devontae Booker,RB,NYG,2021,,,,642.1,6.2,145.2,27.1,204.4,0.7,,,,
00-0033025,Jalen Richard,RB,LV,2021,,,,98.2,0.7,34.7,10.9,84.1,0.7,,,,
00-0036208,Artavis Pierce,RB,CHI,2021,,,,212.1,1.1,51.6,8.4,59.0,0.3,,,,
00-0035448,Damarea Crockett,RB,DEN,2021,,,,133.4,0.7,25.4,5.1,34.3,0.7,,,,
00-0035342,Patrick Laird,RB,MIA,2021,,,,98.1,0.4,24.2,6.0,38.4,0.1,,,,
00-0036278,Jason Huntley,RB,PHI,2021,,,,176.6,1.1,40.1,8.1,53.8,0.1,,,,
00-0035268,Ryquell Armstead,RB,JAX,2021,,,,191.4,0.9,39.2,8.1,60.0,0.1,,,,
00-0035218,Sutton Smith,RB,LV,2021,,,,133.1,0.6,28.6,5.7,35.1,0.1,,,,
00-0031285,Devonta Freeman,RB,BAL,2021,,,,626.4,6.3,154.0,27.0,187.4,0.7,,,,
00-0031062,James White,RB,NE,2021,,,,142.4,1.1,49.6,31.7,219.4,2.1,,,,
00-0031045,Carlos Hyde,RB,JAX,2021,,,,229.7,1.3,59.6,13.6,100.2,0.5,,,,
00-0035187,Austin Walter,RB,NYJ,2021,,,,129.8,0.6,30.9,7.6,54.1,0.1,,,,
00-0033567,Brian Hill,RB,SF,2021,,,,387.0,2.5,76.2,11.1,80.0,0.7,,,,
00-0030496,Le'Veon Bell,RB,TB,2021,,,,273.4,1.3,62.6,11.1,88.9,0.6,,,,
00-0033594,Chris Carson,RB,SEA,2021,,,,458.6,2.6,108.7,24.0,159.7,1.1,,,,
00-0030465,Kenjon Barner,RB,TB,2021,,,,65.9,0.4,13.3,3.4,25.2,0.1,,,,
00-0036523,Trey Ragas,RB,LV,2021,,,,102.4,0.6,19.8,4.1,30.1,0.1,,,,
00-0036582,Nate McCrary,RB,BAL,2021,,,,85.4,0.5,16.7,5.1,31.4,0.1,,,,
00-0034799,Kalen Ballage,RB,PIT,2021,,,,247.4,1.4,56.0,10.5,80.3,0.6,,,,
00-0036698,Mekhi Sargent,RB,JAX,2021,,,,100.9,0.6,19.2,4.5,31.2,0.5,,,,
00-0033950,Wayne Gallman,RB,MIN,2021,,,,275.3,1.7,53.9,8.7,74.1,0.6,,,,
00-0034597,Ryan Nall,RB,CHI,2021,,,,26.9,0.1,12.0,3.0,20.9,0.1,,,,
00-0036734,Pooka Williams Jr.,RB,CIN,2021,,,,100.6,0.6,20.5,4.8,32.5,0.3,,,,
00-0036799,Josh Johnson,RB,SEA,2021,,,,100.6,0.6,20.5,4.8,32.5,0.3,,,,
00-0036768,JaQuan Hardy,RB,DAL,2021,,,,247.3,1.3,51.7,10.8,78.0,0.2,,,,
00-0034449,Buddy Howell,RB,LA,2021,,,,157.9,0.7,30.3,5.8,36.7,0.1,,,,
00-0034378,Ito Smith,RB,DAL,2021,,,,323.8,3.0,64.2,9.6,66.3,0.6,,,,
00-0025394,Adrian Peterson,RB,SEA,2021,,,,301.8,1.6,57.6,9.5,73.8,0.4,,,,
00-0032780,Jordan Howard,RB,NO,2022,,,,172.2,1.5,38.2,7.2,52.8,0.1,,,,
00-0034253,Dontrell Hilliard,RB,TEN,2022,,,,283.3,1.4,77.8,18.5,146.0,1.0,,,,
00-0034301,Darrel Williams,RB,ARI,2022,,,,255.6,1.5,64.1,13.3,99.0,1.0,,,,
00-0034164,Trenton Cannon,RB,TEN,2022,,,,69.9,0.3,13.2,3.0,22.8,0.1,,,,
00-0034400,Jordan Wilkins,RB,IND,2022,,,,119.0,0.8,28.9,6.5,46.6,0.1,,,,
00-0034109,Phillip Lindsay,RB,IND,2022,,,,313.5,2.0,61.4,8.7,63.1,0.2,,,,
00-0034440,Justin Jackson,RB,DET,2022,,,,242.4,1.3,71.0,17.7,123.3,1.0,,,,
00-0037331,Zander Horvath,RB,LAC,2022,,,,63.7,0.2,14.1,3.8,32.6,0.2,,,,
00-0037265,Snoop Conner,RB,JAX,2022,,,,286.9,2.3,64.9,9.5,78.4,0.1,,,,
00-0034578,Reggie Bonnafon,RB,WAS,2022,,,,167.8,0.7,37.5,6.5,41.8,0.1,,,,
00-0033951,Marlon Mack,RB,DEN,2022,,,,127.9,0.5,32.5,11.6,78.8,0.3,,,,
00-0037087,Trestan Ebner,RB,CHI,2022,,,,117.7,0.5,37.6,12.4,100.3,1.1,,,,
00-0034816,Ronald Jones,RB,KC,2022,,,,304.6,1.9,56.9,9.0,71.9,0.6,,,,
00-0036829,Caleb Huntley,RB,ATL,2022,,,,394.2,3.0,74.8,10.4,82.5,0.1,,,,
00-0027966,Mark Ingram,RB,NO,2022,,,,220.4,1.3,62.5,13.5,105.5,0.6,,,,
00-0028063,Taiwan Jones,RB,BUF,2022,,,,31.6,0.3,8.4,2.9,20.6,0.1,,,,
00-0036650,Larry Rountree III,RB,LAC,2022,,,,118.8,0.4,27.6,6.2,43.1,0.1,,,,
00-0036654,Demetric Felton,RB,CLE,2022,,,,33.0,0.2,15.5,5.8,47.1,0.7,,,,
00-0036669,Kylin Hill,RB,GB,2022,,,,133.8,0.6,30.5,6.0,40.2,0.1,,,,
00-0034845,Sony Michel,RB,LAC,2022,,,,242.4,1.3,55.5,9.7,77.2,0.6,,,,
00-0033725,Corey Clement,RB,ARI,2022,,,,107.9,0.8,28.5,7.7,53.3,0.1,,,,
00-0036457,Ty'Son Williams,RB,ARI,2022,,,,159.7,1.3,33.4,7.5,52.2,0.1,,,,
00-0036543,Spencer Brown,RB,CAR,2022,,,,172.5,0.8,39.8,7.6,55.2,0.1,,,,
00-0030288,Rex Burkhead,RB,HOU,2022,,,,208.6,1.3,67.1,19.4,153.6,0.8,,,,
00-0030456,Giovani Bernard,RB,TB,2022,,,,232.8,2.3,58.3,11.3,98.0,0.7,,,,
00-0036383,Eno Benjamin,RB,NO,2022,,,,252.7,1.5,74.0,18.1,126.4,0.7,,,,
00-0035217,Benny Snell,RB,PIT,2022,,,,249.1,2.4,58.0,7.9,59.4,0.1,,,,
00-0032058,Tevin Coleman,RB,SF,2022,,,,161.6,1.2,37.1,8.4,53.7,0.1,,,,
00-0035273,Qadree Ollison,RB,DAL,2022,,,,132.2,0.7,30.3,6.2,43.7,0.2,,,,
00-0031806,Malcolm Brown,RB,LA,2022,,,,252.5,1.3,56.9,9.3,69.1,0.6,,,,
00-0035304,Cullen Gillaspia,RB,SEA,2022,,,,63.0,0.5,13.4,3.9,27.4,0.3,,,,
00-0032063,Mike Davis,RB,BAL,2022,,,,275.2,1.9,75.8,18.6,122.4,1.1,,,,
00-0032187,David Johnson,RB,NO,2022,,,,303.9,1.7,74.4,14.6,109.2,1.1,,,,
00-0032257,Duke Johnson,RB,BUF,2022,,,,354.9,2.6,73.8,16.8,91.1,0.9,,,,
00-0032602,J.D. McKissic,RB,WAS,2022,,,,248.9,1.4,80.7,31.3,238.6,2.6,,,,
00-0039136,Zach Evans,RB,LA,2023,,,,118.6,0.7,46.0,35.5,245.6,2.9,,,,
00-0038045,Isaiah Spiller,RB,LAC,2023,,,,105.2,0.3,26.1,6.1,41.2,0.1,,,,
00-0032975,Jonathan Williams,RB,WAS,2023,,,,137.1,0.5,29.0,6.0,42.4,0.1,,,,
00-0035657,Damien Harris,RB,BUF,2023,,,,298.7,1.9,56.4,9.1,70.6,0.6,,,,
00-0035664,Darrell Henderson,RB,LA,2023,,,,334.9,1.8,70.1,16.8,107.6,0.6,,,,
00-0035715,Derrick Gore,RB,WAS,2023,,,,272.6,2.4,50.2,9.6,68.0,0.1,,,,
00-0037410,Jashaun Corbin,RB,NYG,2023,,,,59.4,0.3,13.0,4.1,28.8,0.1,,,,
00-0034414,Boston Scott,RB,PHI,2023,,,,262.4,1.4,59.5,9.7,67.3,0.2,,,,
00-0035831,James Robinson,RB,GB,2023,,,,446.1,2.8,84.2,10.6,84.4,0.9,,,,
00-0032450,Dwayne Washington,RB,DEN,2023,,,,121.7,0.5,30.2,5.1,33.6,0.1,,,,
00-0033118,Kenyan Drake,RB,GB,2023,,,,347.8,2.1,77.6,11.6,85.1,0.8,,,,
00-0037286,Kevin Harris,RB,NE,2023,,,,136.2,0.4,31.5,10.6,69.7,0.1,,,,
00-0034433,Nick Bawden,RB,NYJ,2023,,,,49.9,0.2,15.3,4.4,31.4,0.1,,,,
00-0038389,Israel Abanikanda,RB,NYJ,2023,,,,124.6,0.2,28.5,6.4,44.3,0.1,,,,
00-0036020,Salvon Ahmed,RB,MIA,2023,,,,102.3,0.8,37.1,14.3,123.8,0.9,,,,
00-0032144,Melvin Gordon,RB,BAL,2023,,,,316.5,1.9,68.4,12.0,92.4,1.0,,,,
00-0034614,Godwin Igwebuike,RB,PIT,2023,,,,65.4,0.2,17.9,5.2,32.5,0.1,,,,
00-0033296,Alex Armah,RB,WAS,2023,,,,35.2,0.1,9.8,2.9,20.6,0.1,,,,
00-0034750,Rashaad Penny,RB,PHI,2023,,,,515.2,3.6,94.2,12.6,81.5,0.1,,,,
00-0033308,Matt Breida,RB,NYG,2023,,,,223.5,1.3,60.0,14.2,99.5,0.6,,,,
00-0038862,Elijah Dotson,RB,LAC,2023,,,,93.9,0.6,19.3,4.1,29.5,0.1,,,,
00-0036269,La'Mical Perine,RB,KC,2023,,,,176.3,1.2,39.0,8.0,58.0,0.1,,,,
00-0031376,Jerick McKinnon,RB,KC,2023,,,,97.4,0.6,46.6,18.3,129.8,0.8,,,,
00-0036860,Jake Funk,RB,IND,2023,,,,108.5,0.6,19.7,3.8,27.4,0.1,,,,
00-0036857,Chris Evans,RB,CIN,2023,,,,95.4,0.5,25.5,6.8,44.2,0.1,,,,
00-0036336,Anthony McFarland,RB,PIT,2023,,,,80.8,0.6,16.7,3.5,27.4,0.1,,,,
00-0035184,Devine Ozigbo,RB,DET,2023,,,,88.9,0.5,18.8,3.5,27.2,0.1,,,,
00-0034838,Royce Freeman,RB,LA,2023,,,,297.9,2.5,68.7,10.4,80.5,0.1,,,,
00-0030874,Damien Williams,RB,ARI,2023,,,,141.4,0.6,34.0,7.7,55.1,0.1,,,,
00-0029239,Brandon Bolden,RB,LV,2023,,,,114.6,1.0,33.6,9.7,70.1,0.6,,,,
00-0033856,Leonard Fournette,RB,BUF,2023,,,,379.6,2.2,81.0,32.5,220.4,2.1,,,,
00-0030513,Latavius Murray,RB,BUF,2023,,,,294.1,1.6,69.2,14.9,100.9,0.5,,,,
00-0038656,Mohamed Ibrahim,RB,DET,2023,,,,82.8,0.5,16.8,4.0,28.6,0.1,,,,
00-0036493,Deon Jackson,RB,NYG,2023,,,,147.1,0.7,36.1,10.9,73.6,1.1,,,,
00-0034208,Mike Boone,RB,CAR,2024,,,,100.8,0.2,25.7,5.8,39.2,0.0,,,,
00-0039393,Jase McClellan,RB,ATL,2024,,,,302.1,1.6,68.7,11.3,78.9,0.3,,,,
00-0034972,Alexander Mattison,RB,LV,2024,,,,370.0,2.6,119.7,26.5,191.6,0.7,,,,
00-0038622,Deuce Vaughn,RB,DAL,2024,,,,108.2,0.3,25.7,6.2,41.3,0.1,,,,
00-0036450,Ke'Shawn Vaughn,RB,SF,2024,,,,134.6,0.7,30.6,6.0,41.5,0.1,,,,
00-0039617,Jacob Kibodi,RB,CLE,2024,,,,162.8,0.7,36.0,7.3,52.7,0.1,,,,
00-0030578,Cordarrelle Patterson,RB,PIT,2024,,,,211.9,1.2,61.8,12.8,91.3,0.6,,,,
00-0036670,Jermar Jefferson,RB,DET,2024,,,,143.9,0.8,33.9,7.6,62.4,0.2,,,,
00-0036370,Joshua Kelley,RB,TEN,2024,,,,405.7,2.7,77.8,8.9,63.0,0.4,,,,
00-0039573,Blake Watson,RB,DEN,2024,,,,101.8,0.6,20.3,4.2,31.0,0.1,,,,
00-0039595,D.J. Williams,RB,TB,2024,,,,113.3,0.6,19.4,4.3,30.9,0.4,,,,
00-0038636,Kenny McIntosh,RB,SEA,2024,,,,391.4,2.6,68.0,7.8,54.3,0.1,,,,
00-0036297,Darrynton Evans,RB,CHI,2024,,,,142.5,0.8,30.3,6.3,48.1,0.1,,,,
00-0039703,Cody Schrader,RB,LA,2024,,,,100.4,0.6,21.1,3.9,29.0,0.5,,,,
00-0039325,Carson Steele,RB,KC,2024,,,,345.4,2.2,66.3,8.5,63.0,0.6,,,,
00-0039344,Jonathon Brooks,RB,CAR,2024,,,,124.0,0.7,44.3,25.9,204.7,2.1,,,,
00-0034808,John Kelly,RB,BAL,2024,,,,118.5,0.7,22.3,4.8,32.0,0.6,,,,
00-0038489,Ben VanSumeren,RB,PHI,2024,,,,65.7,0.4,13.2,3.2,23.9,0.2,,,,
00-0039385,Keilan Robinson,RB,JAX,2024,,,,479.0,3.0,92.4,14.2,115.9,1.0,,,,
00-0033893,Dalvin Cook,RB,DAL,2024,,,,329.1,2.2,71.5,11.3,84.4,0.7,,,,
00-0036251,Zack Moss,RB,CIN,2024,,,,371.0,1.9,92.1,20.5,164.9,1.0,,,,
00-0033897,Joe Mixon,RB,HOU,2024,,,,1005.3,8.4,240.4,36.2,282.3,1.6,,,,
00-0033925,D'Onta Foreman,RB,CLE,2024,,,,310.7,1.9,64.2,10.3,76.8,0.5,,,,
00-0033948,Jamaal Williams,RB,NO,2024,,,,288.2,1.5,60.5,11.1,78.7,0.6,,,,
00-0039230,Dante Miller,RB,NYG,2024,,,,100.6,0.6,20.5,4.8,32.5,0.3,,,,
00-0039244,Chris Collier,RB,LV,2024,,,,97.4,0.3,28.7,7.1,42.8,0.1,,,,
00-0036096,J.J. Taylor,RB,HOU,2024,,,,138.9,0.8,36.1,7.1,53.3,0.1,,,,
00-0035973,Patrick Taylor,RB,SF,2024,,,,238.6,2.5,56.0,7.4,57.6,0.5,,,,
00-0039811,MarShawn Lloyd,RB,GB,2024,,,,162.5,0.8,36.8,6.6,46.5,0.1,,,,
00-0035924,Jonathan Ward,RB,PIT,2024,,,,152.6,0.8,37.4,8.0,56.2,0.2,,,,
00-0037299,Keaontay Ingram,RB,KC,2024,,,,122.3,0.5,26.1,5.7,35.8,0.1,,,,
00-0035860,Tony Jones,RB,ARI,2024,,,,178.6,1.0,38.6,9.1,67.4,0.1,,,,
00-0034115,Jeff Wilson,RB,MIA,2024,,,,240.4,1.6,55.5,9.2,75.8,0.6,,,,
00-0037429,Raheem Blackshear,RB,CAR,2024,,,,116.4,0.4,26.2,6.7,48.6,0.1,,,,
00-0035806,JaMycal Hasty,RB,NE,2024,,,,92.3,0.7,34.9,10.7,80.0,0.7,,,,
00-0037509,Sincere McCormick,RB,LV,2024,,,,447.4,2.8,94.3,13.0,82.7,0.1,,,,
00-0037456,Troy Hairston,RB,HOU,2024,,,,55.0,0.3,12.0,3.0,21.5,0.1,,,,
00-0037609,Aaron Shampklin,RB,PIT,2024,,,,253.8,1.4,64.7,10.6,76.3,0.3,,,,
00-0033045,Ezekiel Elliott,RB,DAL,2024,,,,303.0,1.8,77.4,17.9,110.9,0.6,,,,
00-0034184,Gus Edwards,RB,LAC,2024,,,,375.8,3.2,74.3,10.4,77.4,0.1,,,,
00-0038098,Pierre Strong,RB,CLE,2024,,,,161.9,1.1,48.6,12.6,102.8,0.7,,,,
00-0037827,Tyrion Davis-Price,RB,PHI,2024,,,,198.6,1.1,46.2,7.8,49.6,0.1,,,,
00-0040556,Corey Kiner,RB,ARI,2025,,,,155.3,0.4,30.6,7.1,50.0,0.1,,,,
00-0040583,Woody Marks,RB,HOU,2025,,,,567.6,4.2,129.9,23.4,180.1,0.9,,,,
00-0040586,Jaydon Blue,RB,DAL,2025,,,,306.2,1.9,52.0,7.4,55.0,0.1,,,,
00-0040715,Cam Skattebo,RB,NYG,2025,,,,465.1,2.7,166.3,41.3,292.8,1.9,,,,
00-0040719,Bhayshul Tuten,RB,JAX,2025,,,,241.9,1.6,69.2,16.4,129.4,0.7,,,,
00-0040730,RJ Harvey,RB,DEN,2025,,,,653.3,4.4,169.7,38.6,284.5,1.8,,,,
00-0040734,TreVeyon Henderson,RB,NE,2025,,,,721.5,5.8,182.2,33.8,258.3,1.0,,,,
00-0037840,Kyren Williams,RB,LA,2025,,,,1144.2,10.4,252.2,32.7,250.1,1.4,,,,
00-0038040,Zamir White,RB,LV,2025,,,,281.0,1.7,59.0,8.9,62.0,0.4,,,,
00-0037746,Brian Robinson,RB,SF,2025,,,,321.1,2.0,83.3,15.8,118.5,0.7,,,,
00-0037617,Hassan Haskins,RB,LAC,2025,,,,86.9,0.1,24.7,5.8,41.5,0.1,,,,
00-0037557,Ronnie Rivers,RB,LA,2025,,,,109.7,0.8,26.8,6.0,40.0,0.1,,,,
00-0037563,Malik Davis,RB,DAL,2025,,,,336.5,2.7,71.4,10.8,80.9,0.1,,,,
00-0037594,Julius Chestnut,RB,TEN,2025,,,,109.1,0.3,26.9,6.1,41.1,0.1,,,,
00-0037525,Jordan Mason,RB,MIN,2025,,,,424.8,3.2,89.4,12.4,90.0,0.5,,,,
00-0037329,Brittain Brown,RB,CHI,2025,,,,191.2,1.1,50.2,9.6,66.4,0.1,,,,
00-0037267,Jerome Ford,RB,CLE,2025,,,,249.2,1.3,66.0,19.1,126.4,0.9,,,,
00-0037276,Ty Chandler,RB,MIN,2025,,,,285.0,1.5,61.6,9.6,70.1,0.5,,,,
00-0037258,Dameon Pierce,RB,KC,2025,,,,308.5,2.6,63.7,8.1,64.1,0.1,,,,
00-0038120,Breece Hall,RB,NYJ,2025,,,,952.8,7.1,201.2,35.6,281.6,1.3,,,,
00-0037263,Tyler Allgeier,RB,ATL,2025,,,,443.3,3.4,90.8,15.8,103.7,0.5,,,,
00-0037248,James Cook,RB,BUF,2025,,,,1135.3,10.7,245.0,32.2,250.7,1.3,,,,
00-0037256,Rachaad White,RB,TB,2025,,,,583.8,4.4,143.3,29.4,205.9,1.0,,,,
00-0037197,Isiah Pacheco,RB,KC,2025,,,,481.2,3.1,95.5,19.4,133.6,0.9,,,,
00-0038396,Eric Gray,RB,NYG,2025,,,,105.0,0.4,24.1,5.3,34.3,0.1,,,,
00-0038397,Evan Hull,RB,NO,2025,,,,174.0,0.7,39.2,6.9,48.7,0.1,,,,
00-0038134,Kenneth Walker III,RB,SEA,2025,,,,736.5,6.1,169.7,31.0,250.1,0.7,,,,
00-0037228,Jaylen Warren,RB,PIT,2025,,,,718.0,5.0,163.7,32.1,228.9,0.9,,,,
00-0037120,Tyler Goodson,RB,IND,2025,,,,81.2,0.1,22.1,5.5,38.9,0.1,,,,
00-0037157,Bam Knight,RB,ARI,2025,,,,292.6,1.6,78.6,18.0,122.4,0.8,,,,
00-0037085,Tyler Badie,RB,DEN,2025,,,,63.7,0.2,25.1,11.3,95.5,0.8,,,,
00-0038458,Owen Wright,RB,TB,2025,,,,132.0,0.7,24.2,5.0,35.0,0.7,,,,
00-0036997,Javonte Williams,RB,DAL,2025,,,,727.5,5.6,183.6,34.3,261.4,1.2,,,,
00-0038409,Lew Nichols III,RB,PIT,2025,,,,88.3,0.5,16.0,4.7,29.3,0.3,,,,
00-0038440,Zavier Scott,RB,MIN,2025,,,,120.3,1.0,41.9,15.3,133.1,0.8,,,,
00-0038454,Keaton Mitchell,RB,BAL,2025,,,,294.2,1.6,67.8,12.8,85.4,0.4,,,,
00-0036973,Travis Etienne,RB,JAX,2025,,,,917.4,7.9,211.5,33.7,245.9,1.5,,,,
00-0036984,Trey Sermon,RB,PIT,2025,,,,117.5,1.1,27.1,5.3,35.5,0.1,,,,
00-0036950,Avery Williams,RB,NYJ,2025,,,,103.6,0.3,24.5,5.4,34.5,0.1,,,,
00-0036924,Michael Carter,RB,ARI,2025,,,,237.0,1.5,77.7,25.5,200.3,1.1,,,,
00-0038488,Brady Russell,RB,SEA,2025,,,,34.7,0.3,9.1,3.0,22.6,0.2,,,,
00-0036919,Kenny Gainwell,RB,PIT,2025,,,,608.4,4.6,156.5,39.2,276.2,1.4,,,,
00-0036906,Khalil Herbert,RB,NYJ,2025,,,,269.0,1.6,58.4,8.7,64.0,0.5,,,,
00-0036893,Najee Harris,RB,LAC,2025,,,,366.8,2.6,79.6,13.3,88.7,0.8,,,,
00-0038542,Bijan Robinson,RB,ATL,2025,,,,950.2,6.2,230.3,51.8,450.6,2.8,,,,
00-0036875,Rhamondre Stevenson,RB,NE,2025,,,,590.9,4.8,139.2,26.4,177.9,0.7,,,,
00-0036842,Kene Nwangwu,RB,NYJ,2025,,,,189.1,0.7,43.0,7.5,52.2,0.1,,,,
00-0038551,Kendre Miller,RB,NO,2025,,,,293.5,1.7,62.4,9.4,74.2,0.1,,,,
00-0038555,Tank Bigsby,RB,PHI,2025,,,,318.0,2.0,67.8,10.3,74.3,0.1,,,,
00-0036755,Jaret Patterson,RB,LAC,2025,,,,295.0,2.4,62.4,8.1,63.8,0.1,,,,
00-0038597,Chase Brown,RB,CIN,2025,,,,771.3,5.1,194.6,46.5,333.9,2.2,,,,
00-0036567,Elijah Mitchell,RB,KC,2025,,,,379.5,3.4,66.7,7.8,55.7,0.1,,,,
00-0036569,Gary Brightwell,RB,CIN,2025,,,,89.6,0.5,16.8,3.6,27.8,0.1,,,,
00-0036555,Chuba Hubbard,RB,CAR,2025,,,,586.3,4.1,132.7,25.8,178.9,0.8,,,,
00-0036425,DeeJay Dallas,RB,JAX,2025,,,,64.2,0.2,21.3,6.5,48.3,0.1,,,,
00-0038611,Chris Rodriguez Jr.,RB,WAS,2025,,,,492.6,4.6,100.3,10.2,77.3,0.1,,,,
00-0036414,Cam Akers,RB,SEA,2025,,,,314.9,2.0,63.9,9.0,73.2,0.1,,,,
00-0038705,Emari Demercado,RB,ARI,2025,,,,244.1,1.4,72.0,15.7,120.1,0.8,,,,
00-0036360,Clyde Edwards-Helaire,RB,KC,2025,,,,143.1,0.7,32.1,8.8,55.4,0.3,,,,
00-0036328,Antonio Gibson,RB,NE,2025,,,,258.6,1.7,70.7,13.9,105.8,1.1,,,,
00-0038794,Jaleel McLaughlin,RB,DEN,2025,,,,223.0,1.3,58.8,11.7,100.8,0.6,,,,
00-0038678,Jordan Mims,RB,TEN,2025,,,,122.7,0.6,26.2,5.1,36.4,0.2,,,,
00-0038685,Chris Brooks,RB,GB,2025,,,,95.8,0.6,33.4,10.7,85.2,0.8,,,,
00-0036275,D'Andre Swift,RB,CHI,2025,,,,825.1,6.5,187.0,33.2,259.8,0.9,,,,
00-0036265,AJ Dillon,RB,PHI,2025,,,,252.6,1.7,54.4,9.8,73.3,0.7,,,,
00-0038896,Jacob Saylors,RB,DET,2025,,,,78.7,0.4,15.1,3.8,28.1,0.5,,,,
00-0038738,Hunter Luepke,RB,DAL,2025,,,,77.4,0.3,33.1,12.8,92.4,0.7,,,,
00-0036223,Jonathan Taylor,RB,IND,2025,,,,1072.9,9.1,242.9,33.0,271.3,1.0,,,,
00-0038797,Emanuel Wilson,RB,GB,2025,,,,357.4,2.3,69.4,11.8,86.7,0.5,,,,
00-0031687,Raheem Mostert,RB,LV,2025,,,,250.5,1.3,57.8,11.1,77.7,0.7,,,,
00-0036187,Reggie Gilliam,RB,BUF,2025,,,,30.3,0.2,12.4,3.0,23.1,0.1,,,,
00-0036139,Rico Dowdle,RB,CAR,2025,,,,732.5,5.3,158.5,29.9,211.0,0.8,,,,
00-0036158,J.K. Dobbins,RB,DEN,2025,,,,644.1,6.4,134.6,14.5,93.0,0.6,,,,
00-0032104,Ameer Abdullah,RB,IND,2025,,,,129.5,0.5,50.4,17.0,135.4,1.1,,,,
00-0039021,Roschon Johnson,RB,CHI,2025,,,,242.6,2.4,58.4,9.8,80.5,0.6,,,,
00-0039032,Tyjae Spears,RB,TEN,2025,,,,214.6,1.5,74.9,26.4,184.1,0.9,,,,
00-0038951,Sean Tucker,RB,TB,2025,,,,275.7,1.8,69.7,11.1,85.2,0.3,,,,
00-0035726,Jakob Johnson,RB,HOU,2025,,,,83.7,0.5,17.2,3.4,27.4,0.2,,,,
00-0035700,Josh Jacobs,RB,GB,2025,,,,1087.9,9.1,237.3,34.2,268.0,1.0,,,,
00-0035685,David Montgomery,RB,DET,2025,,,,616.3,5.5,147.2,27.6,245.5,0.7,,,,
00-0032764,Derrick Henry,RB,BAL,2025,,,,1360.0,11.9,247.8,25.5,228.1,0.9,,,,
00-0039040,De'Von Achane,RB,MIA,2025,,,,1014.7,7.9,256.9,48.9,389.6,2.3,,,,
00-0035628,D'Ernest Johnson,RB,NE,2025,,,,99.1,0.4,24.2,6.6,50.4,0.2,,,,
00-0035594,Travis Homer,RB,CHI,2025,,,,35.8,0.2,9.7,2.6,19.6,0.1,,,,
00-0035567,Craig Reynolds,RB,DET,2025,,,,95.6,0.9,21.6,5.1,33.6,0.1,,,,
00-0035537,Ty Johnson,RB,BUF,2025,,,,235.5,1.4,82.7,19.6,152.6,0.8,,,,
00-0033280,Christian McCaffrey,RB,SF,2025,,,,880.2,6.5,245.7,56.8,469.1,3.3,,,,
00-0039266,Kendall Milton,RB,CIN,2025,,,,108.5,0.6,20.7,4.5,31.9,0.4,,,,
00-0039299,George Holani,RB,SEA,2025,,,,86.1,0.2,24.6,6.2,42.8,0.1,,,,
00-0039139,Jahmyr Gibbs,RB,DET,2025,,,,1034.4,6.9,253.7,54.7,497.0,2.9,,,,
00-0035311,Myles Gaskin,RB,SEA,2025,,,,97.4,0.5,18.5,3.7,27.5,0.1,,,,
00-0033293,Aaron Jones,RB,MIN,2025,,,,635.4,4.7,136.6,25.5,176.8,0.8,,,,
00-0035291,Trayveon Williams,RB,CLE,2025,,,,79.4,0.1,26.1,6.7,46.2,0.1,,,,
00-0039165,Zach Charbonnet,RB,SEA,2025,,,,589.8,5.0,127.1,23.6,154.3,0.6,,,,
00-0035261,Tony Pollard,RB,TEN,2025,,,,804.2,6.4,177.8,31.1,246.5,0.8,,,,
00-0035250,Devin Singletary,RB,NYG,2025,,,,509.8,4.2,122.0,20.7,145.5,0.6,,,,
00-0035243,Miles Sanders,RB,DAL,2025,,,,278.5,1.5,60.3,11.2,82.6,0.6,,,,
00-0033376,Patrick Ricard,RB,BAL,2025,,,,23.7,0.1,11.5,2.8,20.6,0.1,,,,
00-0039384,Tyrone Tracy Jr.,RB,NYG,2025,,,,662.9,4.5,145.8,28.3,198.5,0.8,,,,
00-0033526,Samaje Perine,RB,CIN,2025,,,,243.0,1.5,77.9,21.1,134.3,0.6,,,,
00-0033553,James Conner,RB,ARI,2025,,,,410.6,2.5,95.9,20.8,151.5,1.4,,,,
00-0039405,Jawhar Jordan,RB,HOU,2025,,,,152.8,1.3,40.5,8.2,70.4,0.1,,,,
00-0039407,Dylan Laube,RB,LV,2025,,,,33.6,0.1,13.7,4.0,28.0,0.2,,,,
00-0039361,Bucky Irving,RB,TB,2025,,,,703.3,4.9,165.3,33.9,273.9,1.0,,,,
00-0039363,Isaac Guerendo,RB,SF,2025,,,,289.7,1.9,62.5,9.6,73.3,0.2,,,,
00-0039364,Sione Vaki,RB,DET,2025,,,,32.5,0.1,12.4,3.2,21.3,0.1,,,,
00-0039373,Audric Estimé,RB,NO,2025,,,,305.5,1.6,68.9,14.2,94.5,0.5,,,,
00-0039391,Kimani Vidal,RB,LAC,2025,,,,390.5,3.5,95.0,16.7,119.2,0.7,,,,
00-0033699,Austin Ekeler,RB,WAS,2025,,,,292.6,1.8,70.2,32.4,227.2,1.9,,,,
00-0034975,Justice Hill,RB,BAL,2025,,,,214.2,1.3,67.1,17.0,123.3,0.7,,,,
00-0039603,British Brooks,RB,HOU,2025,,,,278.6,1.2,57.8,9.0,63.4,0.2,,,,
00-0033854,Dare Ogunbowale,RB,HOU,2025,,,,72.2,0.3,30.9,9.9,76.6,0.7,,,,
00-0039738,Blake Corum,RB,LA,2025,,,,469.5,3.5,90.1,10.8,77.6,0.4,,,,
00-0034844,Saquon Barkley,RB,PHI,2025,,,,1125.3,8.8,229.4,33.2,260.7,1.1,,,,
00-0039757,Terrell Jennings,RB,NE,2025,,,,202.3,0.7,36.8,7.8,56.3,0.1,,,,
00-0034791,Nick Chubb,RB,HOU,2025,,,,401.8,2.9,71.9,11.8,90.9,0.6,,,,
00-0033906,Alvin Kamara,RB,NO,2025,,,,616.6,4.8,118.0,33.3,229.1,2.0,,,,
00-0039746,Will Shipley,RB,PHI,2025,,,,86.8,0.2,25.8,7.6,55.0,0.1,,,,
00-0034681,Chase Edmonds,RB,WAS,2025,,,,128.8,1.3,34.7,8.9,66.6,0.5,,,,
00-0033923,Kareem Hunt,RB,KC,2025,,,,518.8,4.4,111.6,18.5,127.7,0.7,,,,
00-0039874,Jaylen Wright,RB,MIA,2025,,,,285.1,2.0,65.0,10.8,80.5,0.1,,,,
00-0039875,Ray Davis,RB,BUF,2025,,,,243.2,1.5,82.2,17.9,134.6,0.9,,,,
00-0039794,Braelon Allen,RB,NYJ,2025,,,,287.2,1.8,65.0,10.1,75.0,0.6,,,,
00-0039796,Rasheen Ali,RB,BAL,2025,,,,60.7,0.1,20.8,7.0,51.0,0.1,,,,
00-0039798,Isaiah Davis,RB,NYJ,2025,,,,252.0,1.4,82.0,20.8,138.7,1.1,,,,
00-0033955,Jeremy McNichols,RB,WAS,2025,,,,247.3,1.4,77.6,19.0,127.7,0.8,,,,
00-0034367,Nyheim Hines,RB,NO,2025,,,,111.4,0.8,36.4,11.7,92.7,0.9,,,,
00-0039921,Trey Benson,RB,ARI,2025,,,,286.2,1.7,67.2,15.7,118.1,0.8,,,,
00-0040021,Phil Mafah,RB,DAL,2025,,,,143.2,0.6,31.1,8.4,64.2,0.1,,,,
00-0040142,Kaleb Johnson,RB,PIT,2025,,,,139.2,0.3,30.7,6.1,42.5,0.1,,,,
00-0040198,Ollie Gordon II,RB,MIA,2025,,,,306.4,1.9,85.0,16.3,136.5,0.5,,,,
00-0040202,Devin Neal,RB,NO,2025,,,,273.8,1.7,77.9,18.3,145.5,0.8,,,,
00-0040205,Kalel Mullings,RB,TEN,2025,,,,100.4,0.6,20.1,4.5,31.1,0.7,,,,
00-0040208,Tahj Brooks,RB,CIN,2025,,,,131.7,0.2,29.7,6.3,43.5,0.1,,,,
00-0040039,Amar Johnson,RB,LAC,2025,,,,112.1,0.6,20.3,4.5,31.3,0.6,,,,
00-0040067,Jacardia Wright,RB,SEA,2025,,,,289.9,1.5,71.1,12.4,86.0,0.2,,,,
00-0040078,Brashard Smith,RB,KC,2025,,,,258.4,1.9,73.7,23.7,181.9,1.0,,,,
00-0040122,Ashton Jeanty,RB,LV,2025,,,,1030.4,7.8,239.6,43.7,309.5,1.6,,,,
00-0040162,Dylan Sampson,RB,CLE,2025,,,,309.9,2.3,84.3,18.5,156.8,0.9,,,,
00-0040179,DJ Giddens,RB,IND,2025,,,,175.9,1.4,34.0,7.2,50.3,0.1,,,,
00-0040547,Nate Carter,RB,ATL,2025,,,,333.3,1.9,70.3,10.3,75.4,0.2,,,,
00-0040236,Kyle Monangai,RB,CHI,2025,,,,591.9,4.6,122.6,21.1,148.4,0.7,,,,
00-0040238,LeQuint Allen Jr.,RB,JAX,2025,,,,115.4,0.9,30.8,7.8,67.2,0.7,,,,
00-0040242,Jacory Croskey-Merritt,RB,WAS,2025,,,,483.6,3.4,94.9,14.2,107.4,0.7,,,,
00-0040644,Trevor Etienne,RB,CAR,2025,,,,123.9,1.0,29.2,7.1,51.6,0.1,,,,
00-0040649,Robbie Ouzts,RB,SEA,2025,,,,68.4,0.5,14.3,4.2,28.8,0.3,,,,
00-0040666,Omarion Hampton,RB,LAC,2025,,,,770.7,6.5,205.4,40.4,237.5,1.9,,,,
00-0040429,Josh Williams,RB,TB,2025,,,,196.9,1.1,40.5,6.9,51.2,0.9,,,,
00-0040466,Raheim Sanders,RB,CLE,2025,,,,180.3,1.3,35.7,8.2,57.7,0.2,,,,
00-0040476,Ulysses Bentley IV,RB,IND,2025,,,,100.6,0.6,20.5,4.8,32.5,0.3,,,,
00-0040784,Quinshon Judkins,RB,CLE,2025,,,,595.5,5.5,119.3,22.2,146.2,0.7,,,,
00-0034339,Trey Quinn,WR,JAX,2020,,,,,,27.8,10.6,118.8,0.6,16.5,,,
00-0034273,Damion Ratley,WR,NYG,2020,,,,,,32.2,12.4,147.9,0.7,20.2,,,
00-0025396,Ted Ginn,WR,CHI,2020,,,,,,49.5,20.7,204.5,1.1,30.8,,,
00-0034370,DaeSean Hamilton,WR,DEN,2020,,,,,,79.3,28.3,352.5,2.0,45.8,,,
00-0034207,Jeff Badet,WR,WAS,2020,,,,,,28.8,10.9,126.2,0.6,17.2,,,
00-0034426,Javon Wims,WR,CHI,2020,,,,,,29.0,10.7,122.2,0.6,16.8,,,
00-0027150,Julian Edelman,WR,NE,2020,,,,,,97.1,31.7,418.3,2.2,52.8,,,
00-0027902,Dez Bryant,WR,BAL,2020,,,,,,34.4,13.3,165.1,0.9,22.4,,,
00-0027891,Golden Tate,WR,NYG,2020,,,,,,82.0,29.1,363.0,2.3,46.3,,,
00-0034081,Steven Mitchell,WR,HOU,2020,,,,,,32.0,11.6,147.1,0.7,18.4,,,
00-0034510,Robert Foster,WR,WAS,2020,,,,,,29.2,10.7,124.5,0.7,17.1,,,
00-0028114,Dwayne Harris,WR,CHI,2020,,,,,,29.4,10.8,125.8,0.8,17.2,,,
00-0034660,Rico Gafford,WR,LV,2020,,,,,,29.8,11.1,128.8,0.6,17.7,,,
00-0034653,Deontay Burnett,WR,PHI,2020,,,,,,29.9,11.0,129.5,0.8,17.6,,,
00-0033911,Taywan Taylor,WR,CLE,2020,,,,,,71.1,25.2,295.6,2.2,37.2,,,
00-0028411,Dontrelle Inman,WR,WAS,2020,,,,,,78.7,25.5,350.4,2.3,43.4,,,
00-0029137,Alshon Jeffery,WR,PHI,2020,,,,,,38.4,13.3,184.6,0.9,25.7,,,
00-0034772,Antonio Callaway,WR,MIA,2020,,,,,,38.1,17.0,161.4,1.1,24.8,,,
00-0033840,Chad Hansen,WR,HOU,2020,,,,,,74.9,28.1,340.0,1.9,46.3,,,
00-0033859,Josh Malone,WR,NYJ,2020,,,,,,98.3,32.7,378.8,2.6,49.0,,,
00-0035006,Bisi Johnson,WR,MIN,2020,,,,,,50.5,19.3,235.4,1.2,29.6,,,
00-0035181,Darrius Shepherd,WR,GB,2020,,,,,,31.6,11.1,144.1,0.7,18.1,,,
00-0036377,Joe Reed,WR,LAC,2020,,,,,,30.1,14.1,119.3,0.5,21.3,,,
00-0033474,Gehrig Dieter,WR,KC,2020,,,,,,31.1,11.5,136.4,0.8,18.6,,,
00-0030670,Bennie Fowler,WR,NO,2020,,,,,,31.0,11.3,134.6,0.6,17.9,,,
00-0031166,Seth Roberts,WR,CAR,2020,,,,,,29.4,10.7,120.0,0.6,16.8,,,
00-0033382,Austin Carr,WR,NO,2020,,,,,,29.6,11.0,128.2,0.7,17.5,,,
00-0031339,Donte Moncrief,WR,NE,2020,,,,,,31.7,12.3,133.1,0.6,19.2,,,
00-0035287,KeeSean Johnson,WR,ARI,2020,,,,,,53.2,19.0,241.4,1.2,32.5,,,
00-0035313,Terry Godwin,WR,JAX,2020,,,,,,32.2,11.4,147.3,0.7,18.1,,,
00-0035529,Hakeem Butler,WR,PHI,2020,,,,,,28.7,10.7,125.7,0.6,17.1,,,
00-0035592,Travis Fulgham,WR,PHI,2020,,,,,,99.7,35.0,460.5,2.7,58.6,,,
00-0035590,Riley Ridley,WR,CHI,2020,,,,,,28.1,10.5,120.4,0.6,16.9,,,
00-0036100,Isaiah Zuber,WR,NE,2020,,,,,,30.8,11.4,137.2,0.7,18.0,,,
00-0036142,Isaiah Wright,WR,WAS,2020,,,,,,80.7,28.0,334.5,2.1,47.4,,,
00-0035869,Austin Mack,WR,NYG,2020,,,,,,38.4,13.2,180.5,0.8,24.3,,,
00-0035848,De'Michael Harris,WR,IND,2020,,,,,,32.9,12.4,149.6,0.6,20.5,,,
00-0035789,Chris Rowland,WR,ATL,2020,,,,,,29.3,10.9,126.5,0.7,17.2,,,
00-0034309,Chad Beebe,WR,MIN,2020,,,,,,82.4,28.7,353.2,2.1,50.2,,,
00-0034267,Jaleel Scott,WR,NYJ,2020,,,,,,32.8,13.8,130.9,0.8,21.6,,,
00-0022921,Larry Fitzgerald,WR,ARI,2020,,,,,,89.5,32.8,404.3,2.5,53.8,,,
00-0032626,Geronimo Allison,WR,DET,2021,,,,,,38.4,18.0,160.9,0.9,26.2,,,
00-0035844,Kirk Merritt,WR,MIA,2021,,,,,,32.1,11.6,139.7,0.7,18.7,,,
00-0035838,Matt Cole,WR,CAR,2021,,,,,,20.0,6.9,89.6,0.7,10.8,,,
00-0035883,Maurice Ffrench,WR,LAC,2021,,,,,,29.3,10.9,126.7,0.7,17.3,,,
00-0032791,Jakeem Grant,WR,CHI,2021,,,,,,69.8,24.2,301.3,1.6,39.9,,,
00-0032778,Tajae Sharpe,WR,ATL,2021,,,,,,61.2,20.6,251.9,2.2,36.3,,,
00-0035935,J.J. Koski,WR,LA,2021,,,,,,29.3,11.0,127.2,0.7,17.4,,,
00-0032881,Tommylee Lewis,WR,MIA,2021,,,,,,18.8,6.1,79.9,0.5,9.8,,,
00-0032977,Rashard Higgins,WR,CLE,2021,,,,,,77.4,27.2,355.0,2.2,44.4,,,
00-0032160,Tyrell Williams,WR,DET,2021,,,,,,30.4,11.1,128.9,0.7,17.7,,,
00-0036110,Ja'Marcus Bradley,WR,CLE,2021,,,,,,20.9,7.3,103.0,0.6,12.0,,,
00-0036080,Easop Winston,WR,NO,2021,,,,,,28.2,10.8,124.2,0.6,17.0,,,
00-0033006,Jaydon Mickens,WR,JAX,2021,,,,,,16.1,5.7,66.5,0.4,8.7,,,
00-0033094,Marvin Hall,WR,ATL,2021,,,,,,22.7,7.9,98.5,0.7,12.7,,,
00-0032009,Adam Humphries,WR,WAS,2021,,,,,,81.9,29.3,359.7,2.2,46.4,,,
00-0031934,Devin Smith,WR,JAX,2021,,,,,,29.2,10.8,129.8,0.7,17.2,,,
00-0033215,Cyril Grayson,WR,TB,2021,,,,,,83.2,28.8,393.9,1.9,47.7,,,
00-0033127,Will Fuller,WR,MIA,2021,,,,,,83.0,25.8,353.5,2.4,40.5,,,
00-0035350,Preston Williams,WR,MIA,2021,,,,,,25.1,9.5,116.8,0.5,16.0,,,
00-0033266,JoJo Natson,WR,CLE,2021,,,,,,18.4,6.3,79.9,0.7,9.7,,,
00-0036308,Isaiah Coulter,WR,CHI,2021,,,,,,31.1,12.5,124.1,0.7,18.6,,,
00-0031319,Diontae Spencer,WR,DEN,2021,,,,,,16.9,5.8,69.7,0.4,8.8,,,
00-0035246,J.J. Arcega-Whiteside,WR,PHI,2021,,,,,,20.7,6.5,93.4,0.6,10.7,,,
00-0036340,Antonio Gandy-Golden,WR,WAS,2021,,,,,,17.9,6.1,79.5,0.6,9.4,,,
00-0036357,Henry Ruggs III,WR,LV,2021,,,,,,109.7,34.8,494.0,2.5,57.8,,,
00-0033471,Isaiah Ford,WR,MIA,2021,,,,,,56.6,20.2,279.4,1.2,33.2,,,
00-0030669,Albert Wilson,WR,MIA,2021,,,,,,62.6,20.8,256.7,2.1,35.2,,,
00-0036382,K.J. Hill,WR,LAC,2021,,,,,,17.5,6.1,73.3,0.4,9.5,,,
00-0036398,John Hightower,WR,PHI,2021,,,,,,20.8,6.9,95.1,0.7,11.3,,,
00-0035126,Antoine Wesley,WR,ARI,2021,,,,,,81.1,28.3,358.4,2.3,46.8,,,
00-0035101,Davion Davis,WR,HOU,2021,,,,,,30.0,11.0,127.1,0.6,17.4,,,
00-0030525,Tavon Austin,WR,JAX,2021,,,,,,72.8,25.9,295.5,1.9,42.0,,,
00-0033733,Greg Ward,WR,PHI,2021,,,,,,60.5,20.5,248.4,1.8,34.1,,,
00-0030085,Kenny Stills,WR,NO,2021,,,,,,27.5,10.8,118.8,0.6,16.8,,,
00-0036491,Tarik Black,WR,NYJ,2021,,,,,,29.7,10.8,127.4,0.6,17.3,,,
00-0033839,Dede Westbrook,WR,MIN,2021,,,,,,19.8,7.7,79.0,0.5,11.6,,,
00-0036526,Dillon Stoner,WR,LV,2021,,,,,,29.3,10.9,126.5,0.7,17.2,,,
00-0029632,Mohamed Sanu,WR,SF,2021,,,,,,42.5,15.4,193.3,0.9,26.5,,,
00-0036571,Marquez Stevenson,WR,BUF,2021,,,,,,29.0,11.0,127.2,0.8,17.3,,,
00-0036598,Landen Akers,WR,LA,2021,,,,,,28.7,10.6,123.9,0.7,16.8,,,
00-0029269,Travis Benjamin,WR,SF,2021,,,,,,62.9,24.2,249.3,1.5,35.8,,,
00-0036657,Seth Williams,WR,DEN,2021,,,,,,29.1,10.8,125.9,0.7,17.1,,,
00-0034686,Auden Tate,WR,CIN,2021,,,,,,25.0,8.1,120.7,0.7,14.3,,,
00-0028237,Chris Hogan,WR,NO,2021,,,,,,25.1,8.0,121.8,0.8,14.0,,,
00-0034669,Jordan Veasy,WR,HOU,2021,,,,,,30.9,11.5,136.5,0.8,18.6,,,
00-0034652,Cameron Batson,WR,TEN,2021,,,,,,22.5,7.7,95.9,0.5,12.2,,,
00-0034631,Vyncint Smith,WR,NYJ,2021,,,,,,17.7,6.1,78.1,0.5,9.4,,,
00-0033957,Rodney Adams,WR,CHI,2021,,,,,,31.2,13.7,124.2,0.6,21.2,,,
00-0027793,Antonio Brown,WR,TB,2021,,,,,,124.8,39.8,565.0,2.8,64.2,,,
00-0027685,Emmanuel Sanders,WR,BUF,2021,,,,,,124.8,42.7,600.9,2.7,74.4,,,
00-0034132,Christian Blake,WR,ATL,2021,,,,,,20.2,6.7,89.0,0.5,11.3,,,
00-0036910,C.J. Saunders,WR,CAR,2021,,,,,,31.9,11.8,140.8,0.7,18.9,,,
00-0036907,Dazz Newsome,WR,CHI,2021,,,,,,32.2,13.2,128.4,0.6,21.1,,,
00-0034395,Daurice Fountain,WR,KC,2021,,,,,,17.8,6.1,77.2,0.6,9.4,,,
00-0036939,Kawaan Baker,WR,NO,2021,,,,,,33.7,13.0,148.1,0.9,20.2,,,
00-0026035,Danny Amendola,WR,HOU,2021,,,,,,83.5,29.1,366.9,2.2,46.4,,,
00-0032980,Marcus Johnson,WR,NYG,2022,,,,,,34.4,12.4,152.5,0.7,22.4,,,
00-0035621,Nsimba Webster,WR,CHI,2022,,,,,,18.5,6.0,78.5,0.5,9.7,,,
00-0034411,Russell Gage,WR,TB,2022,,,,,,93.7,41.4,443.9,2.1,60.7,,,
00-0037570,Dennis Houston,WR,DAL,2022,,,,,,31.2,10.9,134.9,0.7,17.5,,,
00-0037581,Stanley Berryhill,WR,DET,2022,,,,,,30.9,11.5,136.5,0.8,18.6,,,
00-0034104,Cam Sims,WR,WAS,2022,,,,,,32.3,10.5,140.0,0.6,21.2,,,
00-0037355,Braylon Sanders,WR,MIA,2022,,,,,,30.1,11.0,130.3,0.6,17.6,,,
00-0034052,Brandon Zylstra,WR,DET,2022,,,,,,19.9,6.7,92.0,0.7,11.0,,,
00-0038147,Daylen Baldwin,WR,CLE,2022,,,,,,69.1,27.6,285.5,1.7,39.6,,,
00-0038149,Josh Ali,WR,ATL,2022,,,,,,30.4,11.6,136.7,0.6,18.3,,,
00-0037185,Raleigh Webb,WR,NE,2022,,,,,,29.3,11.0,127.2,0.7,17.4,,,
00-0033932,Kenny Golladay,WR,NYG,2022,,,,,,26.0,10.3,119.3,0.6,17.6,,,
00-0034676,James Washington,WR,DAL,2022,,,,,,22.3,8.1,98.3,0.5,13.7,,,
00-0037055,Lance McCutcheon,WR,LA,2022,,,,,,30.3,11.3,131.6,0.6,17.9,,,
00-0034765,Tre'Quan Smith,WR,NO,2022,,,,,,66.1,24.7,305.9,1.8,38.8,,,
00-0036999,Anthony Schwartz,WR,CLE,2022,,,,,,22.9,8.9,99.7,0.4,14.0,,,
00-0036951,Frank Darby,WR,ATL,2022,,,,,,18.2,6.2,78.8,0.5,9.5,,,
00-0036918,Jacob Harris,WR,LA,2022,,,,,,17.9,6.2,77.9,0.5,9.5,,,
00-0026189,DeSean Jackson,WR,BAL,2022,,,,,,39.4,15.4,188.0,0.7,25.3,,,
00-0033871,Corey Davis,WR,NYJ,2022,,,,,,88.7,29.7,430.8,2.5,50.9,,,
00-0027691,Andre Roberts,WR,CAR,2022,,,,,,16.6,5.7,70.1,0.5,9.0,,,
00-0036858,Jalen Camp,WR,HOU,2022,,,,,,19.5,6.8,89.8,0.6,10.5,,,
00-0036810,Cade Johnson,WR,SEA,2022,,,,,,30.6,11.2,134.5,0.7,17.7,,,
00-0027942,A.J. Green,WR,ARI,2022,,,,,,69.5,24.5,316.1,2.1,39.4,,,
00-0036652,Racey McMath,WR,TEN,2022,,,,,,21.8,7.0,97.6,0.7,11.1,,,
00-0036671,Dax Milne,WR,WAS,2022,,,,,,18.1,6.4,72.7,0.5,10.5,,,
00-0029000,Cole Beasley,WR,BUF,2022,,,,,,84.1,27.8,322.9,2.4,40.7,,,
00-0029608,T.Y. Hilton,WR,DAL,2022,,,,,,51.3,18.5,259.4,1.1,30.6,,,
00-0036627,Dez Fitzpatrick,WR,TEN,2022,,,,,,18.1,6.1,78.4,0.6,9.5,,,
00-0034930,Trinity Benson,WR,DET,2022,,,,,,17.4,6.0,77.0,0.6,9.3,,,
00-0036572,Shi Smith,WR,CAR,2022,,,,,,85.4,28.5,379.0,2.5,46.5,,,
00-0033681,Keelan Cole,WR,LV,2022,,,,,,50.5,18.3,220.1,1.3,27.9,,,
00-0029664,Josh Gordon,WR,TEN,2022,,,,,,18.8,6.2,79.0,0.6,9.4,,,
00-0033633,Tanner Gentry,WR,BUF,2022,,,,,,30.4,11.6,136.7,0.6,18.3,,,
00-0036439,Tyrie Cleveland,WR,DEN,2022,,,,,,19.6,6.4,87.8,0.6,10.1,,,
00-0035022,Penny Hart,WR,SEA,2022,,,,,,18.6,6.1,85.0,0.5,9.9,,,
00-0036365,Bryan Edwards,WR,ATL,2022,,,,,,22.7,8.4,95.5,0.5,13.2,,,
00-0036412,KJ Hamler,WR,DEN,2022,,,,,,45.8,16.3,217.1,0.9,25.4,,,
00-0031051,John Brown,WR,BUF,2022,,,,,,27.2,9.6,133.8,0.8,15.4,,,
00-0033481,Marcus Kemp,WR,KC,2022,,,,,,17.3,5.9,74.5,0.6,9.1,,,
00-0031325,Sammy Watkins,WR,BAL,2022,,,,,,56.7,21.6,243.3,1.5,34.2,,,
00-0036255,Denzel Mims,WR,NYJ,2022,,,,,,40.2,14.4,190.5,1.1,24.6,,,
00-0033386,Cody Hollister,WR,TEN,2022,,,,,,20.7,6.8,101.0,0.6,10.8,,,
00-0036277,Quintez Cephus,WR,DET,2022,,,,,,24.4,7.9,107.9,0.8,12.9,,,
00-0031382,Jarvis Landry,WR,NO,2022,,,,,,70.4,25.5,327.1,1.8,39.7,,,
00-0033367,C.J. Board,WR,TEN,2022,,,,,,16.7,5.7,73.5,0.5,9.0,,,
00-0031545,Kevin White,WR,NO,2022,,,,,,21.6,7.1,107.7,0.6,12.0,,,
00-0036219,Marquez Callaway,WR,NO,2022,,,,,,46.7,17.1,223.1,1.3,26.5,,,
00-0036228,Dezmon Patmon,WR,IND,2022,,,,,,20.7,6.6,91.8,0.6,10.4,,,
00-0036247,Freddie Swain,WR,DEN,2022,,,,,,23.0,8.4,105.5,0.5,13.8,,,
00-0031787,Jake Kumerow,WR,BUF,2022,,,,,,21.4,7.0,104.1,0.6,11.4,,,
00-0032054,Breshad Perriman,WR,TB,2022,,,,,,33.7,12.2,151.9,0.8,22.4,,,
00-0035432,Jason Moore,WR,LAC,2022,,,,,,20.7,6.8,94.4,0.6,10.8,,,
00-0032355,Chester Rogers,WR,CLE,2022,,,,,,20.6,7.8,91.4,0.5,12.3,,,
00-0035864,Kendall Hinton,WR,DEN,2022,,,,,,58.7,22.5,267.1,1.7,33.3,,,
00-0035457,Tyron Johnson,WR,HOU,2022,,,,,,24.0,7.8,105.8,0.8,13.1,,,
00-0035510,Jeff Smith,WR,NYJ,2022,,,,,,35.4,12.8,177.6,0.6,24.2,,,
00-0033111,Pharoh Cooper,WR,ARI,2022,,,,,,17.3,6.0,73.4,0.4,9.3,,,
00-0033114,Mike Thomas,WR,CIN,2022,,,,,,19.3,6.7,82.0,0.5,10.9,,,
00-0035819,Ben Victor,WR,BAL,2022,,,,,,30.6,11.6,136.7,0.7,18.4,,,
00-0034366,Keke Coutee,WR,IND,2022,,,,,,23.9,7.6,100.2,0.7,12.8,,,
00-0037828,Danny Gray,WR,SF,2022,,,,,,30.1,11.2,130.8,0.6,18.0,,,
00-0034286,Richie James,WR,KC,2023,,,,,,34.2,12.7,151.0,0.7,22.2,,,
00-0034297,Byron Pringle,WR,WAS,2023,,,,,,34.8,13.7,169.2,0.8,23.1,,,
00-0035593,Juwann Winfree,WR,IND,2023,,,,,,17.4,5.9,77.0,0.5,9.2,,,
00-0032765,Michael Thomas,WR,NO,2023,,,,,,76.5,26.7,357.5,2.2,43.0,,,
00-0035527,Andy Isabella,WR,BUF,2023,,,,,,17.3,5.9,75.6,0.5,9.1,,,
00-0035703,Miles Boykin,WR,PIT,2023,,,,,,18.5,6.3,82.7,0.5,9.7,,,
00-0037420,Kwamie Lassiter II,WR,CIN,2023,,,,,,30.2,11.5,135.5,0.6,18.2,,,
00-0038969,Kearis Jackson,WR,TEN,2023,,,,,,29.3,10.9,126.5,0.7,17.2,,,
00-0035480,Malik Taylor,WR,NYJ,2023,,,,,,18.9,6.1,80.5,0.5,9.8,,,
00-0037273,Kyle Philips,WR,TEN,2023,,,,,,44.1,16.6,208.4,1.1,27.1,,,
00-0035414,Jalen Guyton,WR,LAC,2023,,,,,,33.4,12.1,144.1,0.6,20.7,,,
00-0035934,Trishton Jackson,WR,MIN,2023,,,,,,30.9,11.3,135.9,0.7,18.0,,,
00-0035399,Stanley Morgan,WR,CIN,2023,,,,,,17.3,5.8,74.5,0.5,9.1,,,
00-0032200,Ty Montgomery,WR,NE,2023,,,,,,17.3,5.8,71.2,0.4,9.6,,,
00-0032208,Phillip Dorsett,WR,DEN,2023,,,,,,21.3,7.1,94.7,0.6,12.4,,,
00-0031868,Damiere Byrd,WR,ATL,2023,,,,,,22.3,7.5,99.2,0.7,12.6,,,
00-0037039,Devon Allen,WR,PHI,2023,,,,,,30.9,11.5,136.5,0.8,18.6,,,
00-0034764,Michael Gallup,WR,DAL,2023,,,,,,69.1,24.9,311.6,2.2,40.7,,,
00-0036991,Amari Rodgers,WR,IND,2023,,,,,,17.5,6.0,71.6,0.5,9.6,,,
00-0036233,Donovan Peoples-Jones,WR,DET,2023,,,,,,68.7,22.3,267.0,2.1,35.2,,,
00-0031547,DeVante Parker,WR,NE,2023,,,,,,64.3,23.7,318.1,2.0,38.9,,,
00-0036936,Rondale Moore,WR,ARI,2023,,,,,,70.3,26.7,326.1,1.9,42.1,,,
00-0036271,Quez Watkins,WR,PHI,2023,,,,,,45.3,17.2,236.4,0.9,26.1,,,
00-0026293,Matthew Slater,WR,NE,2023,,,,,,16.9,5.8,73.1,0.6,9.0,,,
00-0036326,Chase Claypool,WR,MIA,2023,,,,,,58.0,21.0,239.5,2.0,32.2,,,
00-0033466,Isaiah McKenzie,WR,IND,2023,,,,,,24.4,9.8,105.9,0.5,15.3,,,
00-0038632,Colton Dowell,WR,TEN,2023,,,,,,29.6,11.0,126.8,0.6,17.6,,,
00-0027944,Julio Jones,WR,PHI,2023,,,,,,28.5,10.9,134.6,0.7,17.9,,,
00-0036364,Lynn Bowden,WR,NO,2023,,,,,,25.9,10.3,123.9,0.5,17.2,,,
00-0030663,Willie Snead,WR,SF,2023,,,,,,23.0,7.7,102.8,0.7,12.9,,,
00-0038627,Antoine Green,WR,DET,2023,,,,,,29.0,10.7,122.2,0.6,16.8,,,
00-0028002,Randall Cobb,WR,NYJ,2023,,,,,,24.4,9.5,113.4,0.5,15.6,,,
00-0035045,D.J. Montgomery,WR,IND,2023,,,,,,25.3,8.0,118.2,0.8,13.3,,,
00-0035120,Keelan Doss,WR,LAC,2023,,,,,,31.0,11.1,139.9,0.7,17.7,,,
00-0029293,Marvin Jones,WR,DET,2023,,,,,,62.6,22.6,270.5,2.0,33.3,,,
00-0038667,Elijah Cooks,WR,JAX,2023,,,,,,31.5,11.5,142.3,0.7,18.2,,,
00-0038612,A.T. Perry,WR,NO,2023,,,,,,86.0,29.8,397.3,2.2,48.6,,,
00-0030068,Marquise Goodwin,WR,CLE,2023,,,,,,23.5,8.8,97.6,0.4,14.3,,,
00-0036482,Mike Strachan,WR,CAR,2023,,,,,,19.8,6.3,91.9,0.6,10.1,,,
00-0034279,Equanimeous St. Brown,WR,CHI,2023,,,,,,21.6,7.8,100.8,0.5,12.8,,,
00-0034317,Keith Kirkwood,WR,NO,2023,,,,,,21.4,6.9,101.9,0.6,11.8,,,
00-0039907,Ja'Lynn Polk,WR,NE,2024,,,,,,55.9,18.9,228.2,1.4,31.7,,,
00-0034353,Anthony Miller,WR,BAL,2024,,,,,,23.6,8.3,107.0,0.7,13.7,,,
00-0039392,Jha'Quan Jackson,WR,TEN,2024,,,,,,30.7,12.7,121.7,0.6,20.4,,,
00-0039614,Jermaine Jackson,WR,NO,2024,,,,,,29.2,11.0,126.1,0.8,17.4,,,
00-0030431,Robert Woods,WR,HOU,2024,,,,,,58.1,20.6,251.4,1.6,32.1,,,
00-0036635,Ihmir Smith-Marsette,WR,NYG,2024,,,,,,17.2,6.2,74.3,0.5,9.1,,,
00-0039365,Jacob Cowing,WR,SF,2024,,,,,,26.9,10.2,107.6,0.5,15.8,,,
00-0035164,Cody Thompson,WR,TB,2024,,,,,,17.7,5.9,76.7,0.6,9.2,,,
00-0036387,Jalen Reagor,WR,LAC,2024,,,,,,35.3,10.5,159.0,0.7,23.2,,,
00-0039543,Ramel Keyton,WR,LV,2024,,,,,,27.5,10.5,115.4,0.5,16.7,,,
00-0031235,Odell Beckham Jr.,WR,MIA,2024,,,,,,36.6,13.9,170.0,0.7,21.2,,,
00-0033536,Mike Williams,WR,PIT,2024,,,,,,64.2,23.7,296.3,1.6,37.6,,,
00-0036345,K.J. Osborn,WR,WAS,2024,,,,,,58.3,22.3,253.9,1.8,33.4,,,
00-0033460,John Ross,WR,PHI,2024,,,,,,18.9,6.1,82.7,0.6,10.2,,,
00-0035215,Deonte Harty,WR,BAL,2024,,,,,,15.9,5.7,67.4,0.5,9.0,,,
00-0036877,Jaelon Darden,WR,SEA,2024,,,,,,15.4,5.5,66.9,0.4,8.2,,,
00-0035216,Diontae Johnson,WR,HOU,2024,,,,,,71.4,27.1,338.7,1.7,44.1,,,
00-0038477,Bryce Ford-Wheaton,WR,NYG,2024,,,,,,37.8,17.9,166.7,1.1,27.4,,,
00-0036268,Laviska Shenault Jr.,WR,SEA,2024,,,,,,20.8,7.5,89.7,0.4,12.3,,,
00-0031428,Allen Robinson,WR,DET,2024,,,,,,22.7,8.2,102.5,0.5,14.3,,,
00-0039386,Bub Means,WR,NO,2024,,,,,,47.9,17.9,243.2,1.1,30.8,,,
00-0036913,Kadarius Toney,WR,CLE,2024,,,,,,20.3,7.1,91.0,0.5,11.5,,,
00-0034777,DJ Chark,WR,LAC,2024,,,,,,26.4,11.0,129.2,0.6,19.8,,,
00-0031544,Amari Cooper,WR,BUF,2024,,,,,,144.9,49.8,677.3,4.6,79.3,,,
00-0036254,Collin Johnson,WR,CHI,2024,,,,,,17.5,5.8,75.9,0.5,9.2,,,
00-0036955,Terrace Marshall Jr.,WR,LV,2024,,,,,,23.4,8.4,106.9,0.5,14.1,,,
00-0038507,Grant DuBose,WR,MIA,2024,,,,,,30.0,11.0,128.6,0.7,17.4,,,
00-0036261,Brandon Aiyuk,WR,SF,2024,,,,,,135.4,48.5,605.8,3.6,83.3,,,
00-0031549,Nelson Agholor,WR,BAL,2024,,,,,,65.0,25.4,299.7,1.6,37.4,,,
00-0039747,Ainias Smith,WR,PHI,2024,,,,,,29.5,11.7,127.6,0.6,18.3,,,
00-0036183,Kristian Wilkerson,WR,LV,2024,,,,,,25.6,8.6,123.2,0.8,13.6,,,
00-0038821,Rakim Jarrett,WR,TB,2024,,,,,,33.3,11.9,162.3,0.8,24.0,,,
00-0037156,Irvin Charles,WR,NYJ,2024,,,,,,16.8,5.9,74.0,0.5,9.0,,,
00-0031941,Jamison Crowder,WR,WAS,2024,,,,,,23.3,8.9,111.9,0.6,14.9,,,
00-0034646,Brandon Powell,WR,MIN,2024,,,,,,21.3,8.0,96.7,0.5,13.6,,,
00-0037216,Justyn Ross,WR,KC,2024,,,,,,17.8,6.0,77.6,0.5,9.4,,,
00-0035341,Trenton Irwin,WR,CIN,2024,,,,,,21.6,7.9,96.3,0.5,12.7,,,
00-0033292,Trent Taylor,WR,SF,2024,,,,,,16.4,5.7,70.7,0.4,9.0,,,
00-0039236,Johnny Wilson,WR,PHI,2024,,,,,,28.8,10.8,112.9,0.7,16.6,,,
00-0032128,Chris Conley,WR,SF,2024,,,,,,22.6,7.2,112.2,0.6,13.3,,,
00-0038977,Tank Dell,WR,HOU,2024,,,,,,126.3,47.1,598.1,2.8,76.9,,,
00-0035976,Dan Chisena,WR,CAR,2024,,,,,,20.5,6.7,97.0,0.7,10.8,,,
00-0039810,Jermaine Burton,WR,CIN,2024,,,,,,38.4,15.8,165.3,0.7,24.9,,,
00-0037257,David Bell,WR,CLE,2024,,,,,,22.4,7.9,106.8,0.7,12.8,,,
00-0037300,Mike Woods,WR,CLE,2024,,,,,,22.1,7.3,104.3,0.6,12.1,,,
00-0037272,Montrell Washington,WR,KC,2024,,,,,,17.2,5.9,75.4,0.6,9.2,,,
00-0033251,Zach Pascal,WR,ARI,2024,,,,,,15.9,5.7,67.5,0.5,8.9,,,
00-0032543,Alex Erickson,WR,NE,2024,,,,,,17.6,5.9,75.2,0.6,9.5,,,
00-0037382,Brandon Johnson,WR,PIT,2024,,,,,,22.7,8.2,109.3,0.7,12.9,,,
00-0038941,Tyler Scott,WR,CHI,2024,,,,,,19.0,6.7,87.4,0.5,11.1,,,
00-0037387,Jalen Virgil,WR,BUF,2024,,,,,,18.5,6.2,76.7,0.6,10.0,,,
00-0037422,Kendric Pryor,WR,CIN,2024,,,,,,30.6,11.5,136.8,0.7,18.3,,,
00-0037450,Tyreik McAllister,WR,LV,2024,,,,,,29.1,11.1,122.1,0.7,17.2,,,
00-0039853,Javon Baker,WR,NE,2024,,,,,,63.1,24.6,256.9,1.5,36.9,,,
00-0037708,Maurice Alexander,WR,DET,2024,,,,,,18.0,6.1,78.0,0.6,9.5,,,
00-0039052,Trey Palmer,WR,TB,2024,,,,,,49.2,19.0,227.9,0.9,29.4,,,
00-0033009,Tyler Boyd,WR,TEN,2024,,,,,,64.1,24.7,304.8,1.6,39.0,,,
00-0038092,Erik Ezukanma,WR,MIA,2024,,,,,,19.9,6.7,90.3,0.6,10.4,,,
00-0040563,Efton Chism III,WR,NE,2025,,,,,,30.9,11.4,139.2,0.7,18.6,,,
00-0040581,Dont'e Thornton Jr.,WR,LV,2025,,,,,,41.8,15.7,208.5,0.8,28.8,,,
00-0040582,Arian Smith,WR,NYJ,2025,,,,,,26.0,10.0,102.5,0.5,15.1,,,
00-0040590,Konata Mumpfield,WR,LA,2025,,,,,,37.2,13.3,158.7,0.7,22.8,,,
00-0040667,Matthew Golden,WR,GB,2025,,,,,,73.2,27.7,289.9,1.8,42.9,,,
00-0040669,Isaac TeSlaa,WR,DET,2025,,,,,,84.2,29.5,363.3,2.5,48.1,,,
00-0040705,Chimere Dike,WR,TEN,2025,,,,,,89.6,32.7,394.8,2.7,51.4,,,
00-0040727,Tre Harris,WR,LAC,2025,,,,,,81.4,30.0,360.6,2.2,46.8,,,
00-0040729,Jack Bech,WR,LV,2025,,,,,,61.2,20.9,247.3,2.1,36.0,,,
00-0037816,Romeo Doubs,WR,GB,2025,,,,,,125.0,41.2,598.9,3.7,73.5,,,
00-0037837,Calvin Austin III,WR,PIT,2025,,,,,,69.8,24.6,314.6,2.0,39.2,,,
00-0037801,KaVontae Turpin,WR,DAL,2025,,,,,,65.2,23.7,289.6,2.0,36.3,,,
00-0037742,Treylon Burks,WR,WAS,2025,,,,,,35.3,12.9,163.3,0.7,21.8,,,
00-0037745,Velus Jones Jr.,WR,SEA,2025,,,,,,18.6,6.3,83.1,0.6,9.5,,,
00-0037666,Jalen Tolbert,WR,DAL,2025,,,,,,60.6,21.9,274.2,1.9,35.0,,,
00-0037740,Garrett Wilson,WR,NYJ,2025,,,,,,118.6,47.2,524.1,2.5,78.0,,,
00-0037741,Jahan Dotson,WR,PHI,2025,,,,,,63.6,24.0,292.1,1.9,36.2,,,
00-0037614,John Metchie III,WR,NYJ,2025,,,,,,65.8,24.4,318.4,2.2,37.5,,,
00-0037664,Alec Pierce,WR,IND,2025,,,,,,149.1,46.0,706.7,4.8,79.8,,,
00-0038090,Skyy Moore,WR,SF,2025,,,,,,30.9,9.8,154.1,0.6,22.6,,,
00-0037524,Tay Martin,WR,WAS,2025,,,,,,19.0,6.2,82.9,0.6,9.8,,,
00-0037545,Rashid Shaheed,WR,SEA,2025,,,,,,84.8,35.9,396.0,2.1,57.9,,,
00-0037487,Deven Thompkins,WR,ATL,2025,,,,,,17.2,6.0,70.5,0.4,9.5,,,
00-0037380,Kaden Davis,WR,CLE,2025,,,,,,20.0,6.9,89.6,0.7,10.8,,,
00-0038124,Christian Watson,WR,GB,2025,,,,,,74.3,28.2,341.5,2.2,47.8,,,
00-0038104,Tyquan Thornton,WR,KC,2025,,,,,,65.8,24.8,318.8,2.2,39.6,,,
00-0037291,Jalen Nailor,WR,MIN,2025,,,,,,68.6,25.2,317.4,2.1,40.4,,,
00-0037261,Khalil Shakir,WR,BUF,2025,,,,,,134.8,57.1,598.0,2.9,84.9,,,
00-0038359,Xavier Smith,WR,LA,2025,,,,,,66.0,24.4,286.3,1.7,40.2,,,
00-0038117,Wan'Dale Robinson,WR,NYG,2025,,,,,,145.9,61.1,635.5,4.5,88.7,,,
00-0037247,George Pickens,WR,DAL,2025,,,,,,210.1,76.4,987.5,5.7,119.1,,,
00-0037231,Kevin Austin Jr.,WR,NO,2025,,,,,,40.3,15.4,188.9,0.8,26.1,,,
00-0037238,Drake London,WR,ATL,2025,,,,,,191.0,67.9,874.3,5.6,105.6,,,
00-0037239,Chris Olave,WR,NO,2025,,,,,,195.5,70.1,892.8,5.3,113.4,,,
00-0037240,Jameson Williams,WR,DET,2025,,,,,,177.6,59.1,842.0,4.7,99.2,,,
00-0037132,Britain Covey,WR,PHI,2025,,,,,,16.8,6.0,69.7,0.4,9.3,,,
00-0037091,Bo Melton,WR,GB,2025,,,,,,28.6,10.6,135.5,0.5,19.6,,,
00-0038465,Malik Heath,WR,GB,2025,,,,,,23.2,8.3,106.7,0.6,14.4,,,
00-0038393,Dontayvion Wicks,WR,GB,2025,,,,,,69.4,24.1,312.8,2.1,39.2,,,
00-0037093,Dareke Young,WR,SEA,2025,,,,,,19.8,6.3,91.8,0.6,10.3,,,
00-0037098,Samori Toure,WR,NO,2025,,,,,,17.8,5.9,78.1,0.5,9.7,,,
00-0036988,Josh Palmer,WR,BUF,2025,,,,,,58.0,20.8,245.0,1.5,33.0,,,
00-0038496,Xavier Gipson,WR,PHI,2025,,,,,,20.2,7.0,87.2,0.4,11.3,,,
00-0036980,Elijah Moore,WR,BUF,2025,,,,,,60.7,21.3,249.0,1.7,32.7,,,
00-0036963,Amon-Ra St. Brown,WR,DET,2025,,,,,,290.7,105.4,1270.9,7.9,165.3,,,
00-0036959,Michael Bandy,WR,DEN,2025,,,,,,22.7,7.4,107.1,0.7,12.7,,,
00-0038544,Quentin Johnston,WR,LAC,2025,,,,,,137.0,46.5,640.8,4.2,79.4,,,
00-0038492,Jason Brownlee,WR,KC,2025,,,,,,18.0,6.1,77.7,0.6,9.5,,,
00-0036912,DeVonta Smith,WR,PHI,2025,,,,,,189.0,65.8,843.1,5.0,103.6,,,
00-0036900,Ja'Marr Chase,WR,CIN,2025,,,,,,273.6,95.8,1211.9,7.3,150.0,,,
00-0038559,Michael Wilson,WR,ARI,2025,,,,,,170.0,60.5,771.2,4.7,95.8,,,
00-0038563,Tre Tucker,WR,LV,2025,,,,,,85.8,33.2,401.9,2.3,54.6,,,
00-0038519,Nikko Remigio,WR,KC,2025,,,,,,16.3,5.7,71.0,0.4,8.7,,,
00-0038543,Jaxon Smith-Njigba,WR,SEA,2025,,,,,,256.0,99.3,1194.0,7.7,135.0,,,
00-0036862,Ben Skowronek,WR,PIT,2025,,,,,,19.7,7.3,88.8,0.5,12.5,,,
00-0036841,Austin Trammell,WR,JAX,2025,,,,,,19.5,6.4,86.5,0.5,10.3,,,
00-0036849,Tutu Atwell,WR,LA,2025,,,,,,52.0,20.4,245.3,1.2,30.7,,,
00-0038576,Charlie Jones,WR,CIN,2025,,,,,,16.9,6.1,74.3,0.5,9.2,,,
00-0036630,Tylan Wallace,WR,BAL,2025,,,,,,20.9,7.3,88.5,0.5,12.0,,,
00-0036646,Simi Fehoko,WR,ARI,2025,,,,,,17.2,5.8,75.1,0.5,9.1,,,
00-0036626,Dyami Brown,WR,JAX,2025,,,,,,53.6,21.7,256.0,1.4,31.5,,,
00-0038606,Parker Washington,WR,JAX,2025,,,,,,101.3,40.4,482.8,3.3,63.5,,,
00-0038573,Derius Davis,WR,LAC,2025,,,,,,18.0,6.2,74.9,0.4,9.5,,,
00-0036613,Jaylen Waddle,WR,MIA,2025,,,,,,184.4,64.2,848.0,5.1,100.1,,,
00-0036620,Dee Eskridge,WR,MIA,2025,,,,,,17.4,6.1,78.2,0.4,9.4,,,
00-0036550,Rashod Bateman,WR,BAL,2025,,,,,,64.5,23.5,282.8,1.6,36.7,,,
00-0036554,Nico Collins,WR,HOU,2025,,,,,,188.9,68.2,875.6,5.0,109.1,,,
00-0036497,Tim Jones,WR,JAX,2025,,,,,,17.1,5.8,74.8,0.5,9.0,,,
00-0036527,DJ Turner,WR,LV,2025,,,,,,17.6,5.9,74.2,0.6,9.4,,,
00-0038619,Andrei Iosivas,WR,CIN,2025,,,,,,70.9,24.8,320.3,2.0,40.2,,,
00-0038621,DeMario Douglas,WR,NE,2025,,,,,,74.2,25.7,340.3,2.0,40.8,,,
00-0036463,Chris Blair,WR,ATL,2025,,,,,,17.8,6.1,77.2,0.6,9.4,,,
00-0030035,Adam Thielen,WR,PIT,2025,,,,,,78.0,26.2,320.8,2.1,43.6,,,
00-0030279,Keenan Allen,WR,LAC,2025,,,,,,176.0,65.5,753.9,4.8,98.4,,,
00-0036427,Tyler Johnson,WR,NYJ,2025,,,,,,40.8,16.7,208.7,1.0,25.6,,,
00-0038647,Ronnie Bell,WR,NO,2025,,,,,,23.3,7.4,101.8,0.8,11.8,,,
00-0038608,Kayshon Boutte,WR,NE,2025,,,,,,74.6,26.7,349.6,2.3,43.3,,,
00-0038618,Xavier Hutchinson,WR,HOU,2025,,,,,,66.8,24.4,310.1,2.0,38.2,,,
00-0036415,Van Jefferson,WR,TEN,2025,,,,,,56.5,22.1,275.5,1.5,35.9,,,
00-0036407,Jerry Jeudy,WR,CLE,2025,,,,,,99.2,40.2,463.0,3.1,68.3,,,
00-0036410,Tee Higgins,WR,CIN,2025,,,,,,167.1,58.7,722.5,5.4,91.1,,,
00-0030564,DeAndre Hopkins,WR,BAL,2025,,,,,,69.6,24.6,314.9,1.9,40.8,,,
00-0038728,Jared Wayne,WR,HOU,2025,,,,,,27.3,10.4,114.1,0.6,16.5,,,
00-0038640,Jalen Brooks,WR,ARI,2025,,,,,,22.7,7.2,112.3,0.7,13.0,,,
00-0036358,CeeDee Lamb,WR,DAL,2025,,,,,,205.0,73.8,907.5,6.4,110.6,,,
00-0031236,Brandin Cooks,WR,BUF,2025,,,,,,59.5,21.3,264.9,1.5,33.5,,,
00-0036331,Devin Duvernay,WR,CHI,2025,,,,,,16.0,5.5,65.2,0.4,8.6,,,
00-0036309,Darnell Mooney,WR,ATL,2025,,,,,,68.3,24.5,315.8,1.7,41.6,,,
00-0036322,Justin Jefferson,WR,MIN,2025,,,,,,198.6,71.1,882.7,5.6,112.2,,,
00-0038679,Tyrell Shavers,WR,BUF,2025,,,,,,72.8,25.0,334.5,1.9,41.6,,,
00-0031381,Davante Adams,WR,LA,2025,,,,,,179.4,65.4,791.9,6.2,102.1,,,
00-0031408,Mike Evans,WR,TB,2025,,,,,,141.0,50.0,633.8,4.1,84.5,,,
00-0038839,Mitchell Tinsley,WR,CIN,2025,,,,,,39.0,13.8,169.5,0.8,22.7,,,
00-0038840,Brycen Tremayne,WR,CAR,2025,,,,,,41.5,14.3,202.7,1.0,26.2,,,
00-0038891,Shedrick Jackson,WR,LV,2025,,,,,,23.5,7.9,113.8,0.7,13.1,,,
00-0038740,Jalen Moreno-Cropper,WR,DAL,2025,,,,,,26.9,10.4,112.7,0.6,16.1,,,
00-0038752,Jake Bobo,WR,SEA,2025,,,,,,20.4,7.2,91.4,0.5,11.7,,,
00-0036259,Jauan Jennings,WR,SF,2025,,,,,,125.7,44.5,595.0,3.7,76.9,,,
00-0036252,Michael Pittman,WR,IND,2025,,,,,,174.2,64.7,764.0,5.0,97.7,,,
00-0031588,Stefon Diggs,WR,NE,2025,,,,,,193.7,71.9,871.1,4.8,103.8,,,
00-0038938,Jalin Hyatt,WR,NYG,2025,,,,,,23.2,8.0,103.5,0.6,13.7,,,
00-0038824,Ryan Miller,WR,TB,2025,,,,,,21.6,8.0,95.2,0.5,12.7,,,
00-0036196,Gabe Davis,WR,BUF,2025,,,,,,47.4,18.1,223.5,1.1,28.6,,,
00-0031763,DeAndre Carter,WR,CLE,2025,,,,,,16.4,5.7,70.5,0.5,9.0,,,
00-0036182,Nick Westbrook-Ikhine,WR,MIA,2025,,,,,,41.5,15.4,184.2,0.9,25.7,,,
00-0036165,Isaiah Hodgins,WR,NYG,2025,,,,,,31.7,11.7,149.8,0.7,20.3,,,
00-0036176,Mason Kinsey,WR,TEN,2025,,,,,,20.1,6.4,93.6,0.6,10.4,,,
00-0036133,James Proche,WR,TEN,2025,,,,,,17.6,6.3,79.5,0.4,10.5,,,
00-0032211,Tyler Lockett,WR,LV,2025,,,,,,65.5,24.5,299.9,1.7,37.8,,,
00-0038979,Cedric Tillman,WR,CLE,2025,,,,,,61.2,23.7,293.0,1.8,37.3,,,
00-0038911,Malik Cunningham,WR,DET,2025,,,,,,19.9,6.9,89.2,0.7,10.7,,,
00-0035876,Andre Baccellia,WR,ARI,2025,,,,,,18.8,6.3,80.1,0.5,9.9,,,
00-0035891,Cody White,WR,SEA,2025,,,,,,33.8,10.7,152.8,0.9,24.0,,,
00-0032385,Sterling Shepard,WR,TB,2025,,,,,,64.6,24.2,304.0,1.5,36.3,,,
00-0032398,Chris Moore,WR,WAS,2025,,,,,,46.2,17.1,231.8,0.9,27.8,,,
00-0032464,Kalif Raymond,WR,DET,2025,,,,,,63.1,23.1,288.8,1.7,35.6,,,
00-0038953,Dylan Drummond,WR,ATL,2025,,,,,,31.4,14.1,124.0,0.5,21.3,,,
00-0038976,Marvin Mims Jr.,WR,DEN,2025,,,,,,65.7,23.0,290.4,1.7,35.5,,,
00-0035719,Deebo Samuel Sr.,WR,WAS,2025,,,,,,160.1,57.8,701.3,4.1,86.7,,,
00-0032688,Robbie Chosen,WR,WAS,2025,,,,,,21.2,6.8,101.1,0.7,11.4,,,
00-0035676,A.J. Brown,WR,PHI,2025,,,,,,186.7,68.0,832.2,5.5,107.4,,,
00-0039062,Jonathan Mingo,WR,DAL,2025,,,,,,22.1,7.9,102.4,0.5,13.9,,,
00-0039064,Zay Flowers,WR,BAL,2025,,,,,,221.7,76.4,1059.1,5.1,113.3,,,
00-0038994,Jordan Addison,WR,MIN,2025,,,,,,132.6,46.7,576.0,3.7,74.3,,,
00-0038997,Josh Downs,WR,IND,2025,,,,,,110.5,49.3,480.0,2.2,79.0,,,
00-0032775,Demarcus Robinson,WR,SF,2025,,,,,,64.8,24.2,298.4,1.6,37.3,,,
00-0035659,Terry McLaurin,WR,WAS,2025,,,,,,133.4,48.8,595.5,4.3,74.9,,,
00-0035662,Marquise Brown,WR,KC,2025,,,,,,72.9,27.2,345.9,1.7,45.6,,,
00-0035640,DK Metcalf,WR,PIT,2025,,,,,,177.3,64.0,811.9,4.4,99.7,,,
00-0035645,Gunner Olszewski,WR,NYG,2025,,,,,,38.2,14.2,173.5,0.7,23.9,,,
00-0032951,Laquon Treadwell,WR,IND,2025,,,,,,17.3,5.9,75.8,0.6,9.1,,,
00-0035639,Parris Campbell,WR,DAL,2025,,,,,,17.0,5.8,75.4,0.5,9.2,,,
00-0039075,Puka Nacua,WR,LA,2025,,,,,,298.1,107.8,1355.7,7.6,149.0,,,
00-0035602,Alex Bachman,WR,LV,2025,,,,,,16.3,5.7,69.3,0.5,8.8,,,
00-0033040,Tyreek Hill,WR,MIA,2025,,,,,,153.5,56.6,677.5,4.4,88.4,,,
00-0035544,Tom Kennedy,WR,DET,2025,,,,,,19.3,6.4,93.0,0.6,10.5,,,
00-0035535,Darius Slayton,WR,NYG,2025,,,,,,70.7,25.3,327.2,1.7,43.2,,,
00-0039067,Rashee Rice,WR,KC,2025,,,,,,107.6,44.0,534.7,2.4,72.8,,,
00-0035500,Greg Dortch,WR,ARI,2025,,,,,,62.8,24.1,280.6,1.6,35.9,,,
00-0035406,Lil'Jordan Humphrey,WR,DEN,2025,,,,,,38.4,14.4,184.5,0.9,23.9,,,
00-0035359,David Sills,WR,ATL,2025,,,,,,62.4,23.2,295.2,2.0,35.6,,,
00-0033282,Curtis Samuel,WR,BUF,2025,,,,,,32.6,12.9,160.2,0.5,19.8,,,
00-0039146,Jayden Reed,WR,GB,2025,,,,,,88.2,31.3,404.5,2.0,47.2,,,
00-0035298,Scott Miller,WR,PIT,2025,,,,,,24.0,8.6,114.2,0.7,14.4,,,
00-0033307,Kendrick Bourne,WR,SF,2025,,,,,,65.9,25.5,322.9,1.6,40.3,,,
00-0039355,Luke McCaffrey,WR,WAS,2025,,,,,,80.7,29.0,358.0,2.0,46.8,,,
00-0033375,Tim Patrick,WR,JAX,2025,,,,,,67.2,24.7,296.0,2.0,38.3,,,
00-0039379,Jamari Thrash,WR,CLE,2025,,,,,,33.3,12.2,156.0,0.8,24.1,,,
00-0039337,Malik Nabers,WR,NYG,2025,,,,,,129.1,50.3,589.8,2.8,82.2,,,
00-0039342,Xavier Legette,WR,CAR,2025,,,,,,85.0,30.2,382.2,2.3,49.9,,,
00-0035208,Olamide Zaccheaus,WR,CHI,2025,,,,,,65.6,24.8,295.9,1.7,39.0,,,
00-0033555,Mack Hollins,WR,NE,2025,,,,,,67.7,25.6,313.4,1.7,41.2,,,
00-0035140,Mecole Hardman,WR,BUF,2025,,,,,,17.7,5.8,74.8,0.6,9.6,,,
00-0033572,Jamal Agnew,WR,ATL,2025,,,,,,19.6,7.4,88.1,0.5,11.3,,,
00-0034983,Hunter Renfrow,WR,CAR,2025,,,,,,35.1,12.9,162.3,0.9,21.6,,,
00-0035021,Ashton Dulin,WR,IND,2025,,,,,,30.0,10.6,144.4,0.5,20.5,,,
00-0033589,David Moore,WR,CAR,2025,,,,,,21.6,7.6,94.8,0.6,12.1,,,
00-0033591,Noah Brown,WR,WAS,2025,,,,,,26.8,10.1,124.3,0.5,18.3,,,
00-0039491,Jalen Coker,WR,CAR,2025,,,,,,84.1,28.5,373.2,2.5,46.0,,,
00-0039521,Xavier Weaver,WR,ARI,2025,,,,,,21.1,7.0,99.8,0.6,11.9,,,
00-0039394,Casey Washington,WR,ATL,2025,,,,,,39.0,11.8,180.2,1.0,24.8,,,
00-0034960,Jakobi Meyers,WR,JAX,2025,,,,,,172.7,63.7,785.5,4.6,99.3,,,
00-0034928,Steven Sims,WR,ARI,2025,,,,,,17.2,5.9,74.4,0.5,9.1,,,
00-0039623,Mason Tipton,WR,NO,2025,,,,,,21.6,8.7,99.2,0.5,14.9,,,
00-0039410,Ryan Flournoy,WR,DAL,2025,,,,,,89.3,31.6,392.9,2.4,49.0,,,
00-0039424,Devaughn Vele,WR,NO,2025,,,,,,81.8,28.3,355.9,2.1,45.6,,,
00-0039451,Isaiah Williams,WR,NYJ,2025,,,,,,74.4,26.8,288.2,1.9,42.7,,,
00-0034860,Dante Pettis,WR,NO,2025,,,,,,32.5,11.5,152.1,0.6,21.9,,,
00-0034867,Malik Turner,WR,SF,2025,,,,,,18.4,6.0,77.6,0.7,9.6,,,
00-0033857,JuJu Smith-Schuster,WR,KC,2025,,,,,,62.6,23.9,298.8,1.7,36.8,,,
00-0034854,KhaDarel Hodge,WR,ATL,2025,,,,,,22.1,7.2,96.9,0.5,12.8,,,
00-0039710,Jeshaun Jones,WR,MIN,2025,,,,,,30.9,11.5,136.5,0.8,18.6,,,
00-0039589,Kameron Johnson,WR,TB,2025,,,,,,19.6,7.0,83.3,0.5,11.2,,,
00-0034837,Calvin Ridley,WR,TEN,2025,,,,,,95.2,34.1,455.8,1.9,54.5,,,
00-0034827,DJ Moore,WR,CHI,2025,,,,,,176.9,55.6,784.0,4.4,83.9,,,
00-0039792,Devontez Walker,WR,BAL,2025,,,,,,55.9,20.5,276.6,1.2,34.1,,,
00-0039650,Bryce Oliver,WR,TEN,2025,,,,,,17.3,5.9,75.8,0.5,9.2,,,
00-0033891,Zay Jones,WR,ARI,2025,,,,,,40.2,14.8,196.1,1.0,25.1,,,
00-0034775,Christian Kirk,WR,HOU,2025,,,,,,61.5,22.7,276.9,1.4,36.3,,,
00-0039816,Anthony Gould,WR,IND,2025,,,,,,16.7,5.7,69.7,0.4,8.8,,,
00-0039739,Roman Wilson,WR,PIT,2025,,,,,,53.8,21.1,257.0,1.2,30.4,,,
00-0039751,Jordan Whittington,WR,LA,2025,,,,,,44.1,15.6,198.9,1.2,27.0,,,
00-0033908,Cooper Kupp,WR,SEA,2025,,,,,,88.6,36.1,425.0,2.0,60.1,,,
00-0033921,Chris Godwin Jr.,WR,TB,2025,,,,,,74.1,27.4,343.0,1.8,44.0,,,
00-0033943,Josh Reynolds,WR,NYJ,2025,,,,,,33.2,13.2,164.1,0.7,22.7,,,
00-0039880,Malik Washington,WR,MIA,2025,,,,,,89.0,32.1,373.6,2.0,51.9,,,
00-0039884,Tahj Washington,WR,MIA,2025,,,,,,29.4,11.1,128.9,0.6,17.6,,,
00-0034487,Trent Sherfield,WR,ARI,2025,,,,,,17.8,6.1,71.4,0.5,10.0,,,
00-0034521,Allen Lazard,WR,NYJ,2025,,,,,,25.8,10.1,119.9,0.6,17.5,,,
00-0034054,River Cracraft,WR,WAS,2025,,,,,,17.0,5.9,74.6,0.6,9.4,,,
00-0034418,Cedrick Wilson Jr.,WR,MIA,2025,,,,,,23.2,8.2,102.4,0.5,13.5,,,
00-0034419,Braxton Berrios,WR,HOU,2025,,,,,,20.5,7.0,96.1,0.5,12.4,,,
00-0034407,Ray-Ray McCloud,WR,NYG,2025,,,,,,25.8,9.9,119.2,0.5,17.3,,,
00-0039915,Ladd McConkey,WR,LAC,2025,,,,,,191.8,67.7,890.7,4.7,104.9,,,
00-0039916,Ricky Pearsall,WR,SF,2025,,,,,,90.4,30.9,407.1,2.4,49.3,,,
00-0039849,Marvin Harrison Jr.,WR,ARI,2025,,,,,,127.4,42.7,568.4,3.5,71.6,,,
00-0039855,Jalen McMillan,WR,TB,2025,,,,,,70.4,23.5,327.3,1.6,39.9,,,
00-0039868,Troy Franklin,WR,DEN,2025,,,,,,112.8,42.5,510.3,3.1,68.1,,,
00-0034386,Justin Watson,WR,HOU,2025,,,,,,23.9,8.6,102.1,0.5,13.9,,,
00-0040009,Savion Williams,WR,GB,2025,,,,,,30.9,11.1,137.7,0.7,18.0,,,
00-0040024,Darius Cooper,WR,PHI,2025,,,,,,41.5,13.6,194.5,1.0,27.2,,,
00-0039890,Adonai Mitchell,WR,NYJ,2025,,,,,,88.3,30.4,407.2,2.5,50.2,,,
00-0039893,Brian Thomas Jr.,WR,JAX,2025,,,,,,189.0,61.0,902.8,4.6,96.7,,,
00-0039894,Xavier Worthy,WR,KC,2025,,,,,,106.3,39.6,511.8,2.3,67.0,,,
00-0039901,Keon Coleman,WR,BUF,2025,,,,,,84.7,29.5,384.2,2.3,49.3,,,
00-0034348,Courtland Sutton,WR,DEN,2025,,,,,,187.9,64.6,836.6,5.2,103.1,,,
00-0040129,Emeka Egbuka,WR,TB,2025,,,,,,190.6,68.1,937.6,5.0,105.9,,,
00-0040130,Jayden Higgins,WR,HOU,2025,,,,,,101.8,34.6,464.9,3.3,59.1,,,
00-0040131,Kyle Williams,WR,NE,2025,,,,,,78.1,28.1,362.0,2.0,45.3,,,
00-0040134,Pat Bryant,WR,DEN,2025,,,,,,78.0,28.4,363.7,2.2,45.7,,,
00-0040138,Jaylin Noel,WR,HOU,2025,,,,,,80.1,29.0,352.2,2.3,44.8,,,
00-0039919,Rome Odunze,WR,CHI,2025,,,,,,125.1,41.8,573.4,3.1,73.8,,,
00-0039920,Malachi Corley,WR,CLE,2025,,,,,,23.7,9.8,93.9,0.5,16.5,,,
00-0040075,LaJohntay Wester,WR,BAL,2025,,,,,,27.4,10.4,116.3,0.8,15.7,,,
00-0040124,Tetairoa McMillan,WR,CAR,2025,,,,,,195.3,68.1,917.1,5.1,108.1,,,
00-0040259,Gage Larvadain,WR,CLE,2025,,,,,,27.5,10.3,112.3,0.6,15.8,,,
00-0040277,Jahdae Walker,WR,CHI,2025,,,,,,37.0,12.5,170.8,0.8,22.8,,,
00-0040311,Theo Wease Jr.,WR,MIA,2025,,,,,,48.9,19.1,251.2,1.0,32.9,,,
00-0040317,Jacoby Jones,WR,WAS,2025,,,,,,31.3,11.5,138.0,0.7,18.0,,,
00-0040352,Coleman Owen,WR,IND,2025,,,,,,28.4,10.8,124.7,0.6,16.9,,,
00-0040154,Tai Felton,WR,MIN,2025,,,,,,27.1,10.0,109.0,0.5,15.4,,,
00-0040164,Jaylin Lane,WR,WAS,2025,,,,,,72.5,26.8,274.2,1.9,43.2,,,
00-0040170,Elic Ayomanor,WR,TEN,2025,,,,,,92.9,33.1,429.0,2.7,55.4,,,
00-0040172,Jordan Watkins,WR,SF,2025,,,,,,30.2,11.1,132.2,0.7,17.3,,,
00-0040184,KeAndre Lambert-Smith,WR,LAC,2025,,,,,,26.9,10.1,109.4,0.6,15.9,,,
00-0040506,Myles Price,WR,MIN,2025,,,,,,27.2,10.3,113.9,0.8,15.5,,,
00-0040522,Xavier Restrepo,WR,TEN,2025,,,,,,33.2,11.6,150.2,0.7,18.3,,,
00-0040534,Ke'Shawn Williams,WR,CIN,2025,,,,,,25.4,9.9,107.7,0.5,15.0,,,
00-0040218,Jimmy Horn Jr.,WR,CAR,2025,,,,,,37.6,15.2,160.9,0.7,23.3,,,
00-0040237,Tez Johnson,WR,TB,2025,,,,,,83.8,29.3,364.6,2.4,47.0,,,
00-0040241,Dominic Lovett,WR,DET,2025,,,,,,29.3,10.9,126.5,0.7,17.2,,,
00-0040629,Dalevon Campbell,WR,CAR,2025,,,,,,30.9,11.5,136.5,0.8,18.6,,,
00-0040646,Jalen Royals,WR,KC,2025,,,,,,29.7,11.1,129.0,0.6,17.6,,,
00-0040648,Tory Horton,WR,SEA,2025,,,,,,84.7,28.9,373.2,2.4,47.7,,,
00-0040388,Jakobie Keeney-James,WR,GB,2025,,,,,,32.7,11.9,143.8,0.7,18.9,,,
00-0040406,Quentin Skinner,WR,NYJ,2025,,,,,,31.3,11.7,142.6,0.7,18.2,,,
00-0040431,Dalen Cambre,WR,NYG,2025,,,,,,29.3,11.0,127.2,0.7,17.4,,,
00-0040432,Beaux Collins,WR,NYG,2025,,,,,,30.7,11.3,135.1,0.7,17.7,,,
00-0034272,Marquez Valdes-Scantling,WR,PIT,2025,,,,,,33.3,12.0,150.0,0.7,19.9,,,
00-0040782,Isaiah Bond,WR,CLE,2025,,,,,,67.3,26.0,259.4,1.8,42.2,,,
00-0040735,Luther Burden III,WR,CHI,2025,,,,,,113.0,39.8,506.4,2.7,61.3,,,
00-0025418,Greg Olsen,TE,SEA,2020,,,,,,70.2,29.7,280.1,1.8,42.6,,,
00-0034192,Nick Keizer,TE,KC,2020,,,,,,88.7,16.5,149.4,1.4,20.2,,,
00-0034393,Troy Fumagalli,TE,DEN,2020,,,,,,36.2,17.3,175.6,1.0,24.9,,,
00-0034169,Marcus Baugh,TE,WAS,2020,,,,,,14.6,6.5,56.7,0.6,8.9,,,
00-0034439,Ryan Izzo,TE,NE,2020,,,,,,29.6,15.0,134.0,0.6,21.6,,,
00-0028142,Virgil Green,TE,LAC,2020,,,,,,14.5,5.8,61.0,0.5,8.9,,,
00-0034788,Jaeden Graham,TE,ATL,2020,,,,,,59.7,20.1,215.1,2.0,27.4,,,
00-0030443,Levine Toilolo,TE,NYG,2020,,,,,,34.6,19.0,206.7,1.1,26.4,,,
00-0030216,Josh Hill,TE,NO,2020,,,,,,30.3,11.7,122.1,1.0,18.0,,,
00-0030089,Luke Willson,TE,BAL,2020,,,,,,26.4,9.8,94.8,0.9,12.9,,,
00-0030472,Jordan Reed,TE,SF,2020,,,,,,73.2,29.9,299.9,2.3,45.6,,,
00-0033627,Jason Croom,TE,PHI,2020,,,,,,23.5,9.2,88.2,0.9,14.4,,,
00-0030470,Vance McDonald,TE,PIT,2020,,,,,,28.3,13.2,119.8,0.6,18.7,,,
00-0030549,Tyler Eifert,TE,JAX,2020,,,,,,56.0,24.6,246.2,1.6,34.4,,,
00-0033564,Jake Butt,TE,DEN,2020,,,,,,11.8,5.3,53.4,0.3,7.8,,,
00-0035102,Brandon Dillon,TE,MIN,2020,,,,,,22.9,9.1,86.2,0.8,13.4,,,
00-0035039,Stephen Carlson,TE,CLE,2020,,,,,,21.5,8.1,78.6,0.6,9.5,,,
00-0030710,Trey Burton,TE,IND,2020,,,,,,82.6,29.7,314.1,2.0,45.9,,,
00-0035320,Caleb Wilson,TE,PHI,2020,,,,,,23.0,8.6,78.3,0.9,12.7,,,
00-0036225,Dalton Keene,TE,NE,2020,,,,,,92.0,14.9,138.0,1.6,17.9,,,
00-0035436,Matt Sokol,TE,LAC,2020,,,,,,25.2,10.5,91.9,1.0,15.0,,,
00-0033112,Temarrick Hemingway,TE,WAS,2020,,,,,,23.6,9.5,89.6,0.6,12.1,,,
00-0035539,Isaac Nauta,TE,DET,2020,,,,,,40.3,11.1,107.9,1.6,13.8,,,
00-0033080,Seth DeValve,TE,ARI,2020,,,,,,74.9,13.2,116.1,1.6,16.1,,,
00-0036008,Hunter Bryant,TE,DET,2020,,,,,,16.0,7.1,63.7,0.5,11.3,,,
00-0035660,Kahale Warring,TE,HOU,2020,,,,,,108.6,44.2,464.3,3.0,63.3,,,
00-0035671,Jace Sternberger,TE,GB,2020,,,,,,49.7,16.8,155.5,1.5,22.7,,,
00-0022127,Jason Witten,TE,LV,2020,,,,,,31.2,13.6,120.4,1.1,19.2,,,
00-0034319,Deon Yelder,TE,TB,2021,,,,,,26.6,10.4,87.9,1.1,12.8,,,
00-0032135,Jesse James,TE,CHI,2021,,,,,,29.5,9.4,102.7,1.2,12.9,,,
00-0032098,Daniel Brown,TE,NYJ,2021,,,,,,14.3,6.7,57.7,0.4,10.6,,,
00-0033095,Garrett Griffin,TE,NO,2021,,,,,,25.7,10.4,109.6,1.1,16.7,,,
00-0036173,Tommy Hudson,TE,TEN,2021,,,,,,14.9,6.8,67.0,0.5,10.4,,,
00-0031951,James O'Shaughnessy,TE,JAX,2021,,,,,,58.0,24.7,250.2,1.3,34.0,,,
00-0035428,Daniel Helm,TE,LV,2021,,,,,,15.5,7.1,59.5,0.6,10.6,,,
00-0033338,Cethan Carter,TE,MIA,2021,,,,,,13.3,5.5,49.8,0.6,8.1,,,
00-0031387,Eric Ebron,TE,PIT,2021,,,,,,94.4,35.1,390.1,2.7,47.5,,,
00-0033387,Jacob Hollister,TE,JAX,2021,,,,,,34.6,13.7,133.9,1.0,19.7,,,
00-0033421,Antony Auclair,TE,HOU,2021,,,,,,18.0,6.6,70.3,0.6,9.8,,,
00-0033528,Jeremy Sprinkle,TE,DAL,2021,,,,,,11.3,5.2,47.7,0.3,8.7,,,
00-0034988,Kaden Smith,TE,NYG,2021,,,,,,22.6,8.9,85.7,0.7,11.3,,,
00-0033658,Blake Jarwin,TE,DAL,2021,,,,,,34.4,13.9,130.9,0.9,18.8,,,
00-0033611,Ricky Seals-Jones,TE,WAS,2021,,,,,,45.6,17.7,180.0,1.3,24.3,,,
00-0030181,Jack Doyle,TE,IND,2021,,,,,,68.1,25.5,268.1,2.3,37.6,,,
00-0030155,Demetrius Harris,TE,ARI,2021,,,,,,22.1,9.1,89.0,0.6,11.9,,,
00-0033720,Colin Thompson,TE,CAR,2021,,,,,,13.2,6.2,53.9,0.5,9.8,,,
00-0036456,Dominique Dafney,TE,GB,2021,,,,,,11.3,5.1,49.0,0.4,8.4,,,
00-0036474,Sammis Reyes,TE,WAS,2021,,,,,,14.9,6.2,53.1,0.7,8.7,,,
00-0029738,Darren Fells,TE,DET,2021,,,,,,32.4,11.7,135.1,1.7,16.6,,,
00-0034766,Chris Herndon,TE,MIN,2021,,,,,,29.2,10.9,93.2,1.2,13.0,,,
00-0033896,Adam Shaheen,TE,MIA,2021,,,,,,32.2,14.2,131.4,1.2,19.8,,,
00-0029119,Derek Carrier,TE,LV,2021,,,,,,14.4,7.1,59.2,0.4,10.8,,,
00-0034735,Codey McElroy,TE,TB,2021,,,,,,27.7,10.8,101.8,0.9,13.2,,,
00-0028097,Lee Smith,TE,ATL,2021,,,,,,26.0,11.2,105.8,1.0,16.0,,,
00-0028042,Luke Stocker,TE,MIN,2021,,,,,,21.2,8.1,76.4,0.6,9.6,,,
00-0034672,Ethan Wolf,TE,NO,2021,,,,,,23.5,9.6,89.6,0.7,14.3,,,
00-0027656,Rob Gronkowski,TE,TB,2021,,,,,,163.8,60.9,717.8,5.0,86.9,,,
00-0027061,Jared Cook,TE,LAC,2021,,,,,,131.4,50.5,552.9,3.8,70.8,,,
00-0032986,J.P. Holtz,TE,NO,2022,,,,,,14.6,6.5,55.5,0.6,8.9,,,
00-0035603,Kendall Blanton,TE,LA,2022,,,,,,18.4,7.9,65.8,1.0,11.6,,,
00-0035624,N'Keal Harry,TE,CHI,2022,,,,,,35.1,14.6,146.3,1.0,20.1,,,
00-0034011,Dan Arnold,TE,JAX,2022,,,,,,56.2,21.4,214.4,1.6,29.2,,,
00-0037168,Armani Rogers,TE,WAS,2022,,,,,,14.3,5.9,58.8,0.6,8.7,,,
00-0033879,O.J. Howard,TE,HOU,2022,,,,,,35.1,14.5,154.4,1.2,21.2,,,
00-0036692,Miller Forristall,TE,CLE,2022,,,,,,23.8,9.0,82.2,0.9,13.4,,,
00-0027981,Kyle Rudolph,TE,TB,2022,,,,,,22.6,8.0,76.7,0.9,10.7,,,
00-0033798,Mason Schreck,TE,HOU,2022,,,,,,14.6,6.4,57.1,0.5,8.9,,,
00-0030108,Ryan Griffin,TE,CHI,2022,,,,,,21.7,8.6,89.9,0.6,11.3,,,
00-0031273,Cameron Brate,TE,TB,2022,,,,,,71.2,29.0,298.5,1.9,42.7,,,
00-0035222,Zach Gentry,TE,PIT,2022,,,,,,29.3,14.2,133.4,0.5,20.6,,,
00-0031384,Richard Rodgers,TE,LAC,2022,,,,,,26.3,10.0,93.7,0.9,12.7,,,
00-0031598,Nick Boyle,TE,BAL,2022,,,,,,15.1,6.7,53.9,0.8,9.5,,,
00-0036250,Tyler Davis,TE,GB,2022,,,,,,20.4,8.1,71.1,0.6,10.3,,,
00-0031558,Maxx Williams,TE,ARI,2022,,,,,,26.0,9.8,92.7,0.8,12.8,,,
00-0036194,Devin Asiasi,TE,CIN,2022,,,,,,18.9,7.5,69.8,0.5,9.6,,,
00-0035308,Tommy Sweeney,TE,BUF,2022,,,,,,23.5,9.5,87.8,0.9,11.9,,,
00-0036059,Tyler Mabry,TE,SEA,2022,,,,,,59.8,21.6,228.5,2.1,30.0,,,
00-0035345,Chris Myarick,TE,NYG,2022,,,,,,21.8,7.5,77.4,0.8,10.4,,,
00-0035356,Tyree Jackson,TE,PHI,2022,,,,,,14.8,7.2,57.5,0.7,10.7,,,
00-0036005,Noah Togiai,TE,PHI,2022,,,,,,23.5,9.0,81.0,0.9,13.3,,,
00-0035787,Jared Pinkney,TE,LA,2022,,,,,,27.3,10.4,98.5,0.9,13.0,,,
00-0035823,Ben Ellefson,TE,MIN,2022,,,,,,16.0,7.4,60.9,0.6,11.4,,,
00-0035572,Parker Hesse,TE,ATL,2023,,,,,,17.9,8.3,63.0,0.8,11.0,,,
00-0035562,Jesper Horsted,TE,LV,2023,,,,,,10.2,5.1,42.9,0.4,8.0,,,
00-0032725,Stephen Anderson,TE,LAC,2023,,,,,,22.5,9.5,79.1,0.8,11.6,,,
00-0037317,Nick Muse,TE,MIN,2023,,,,,,17.8,7.8,65.2,0.8,10.7,,,
00-0037506,Cole Fotheringham,TE,LV,2023,,,,,,17.7,8.2,65.0,0.7,11.3,,,
00-0035771,Mitchell Wilcox,TE,CIN,2023,,,,,,23.9,10.5,99.3,0.6,15.2,,,
00-0033258,Darrell Daniels,TE,DET,2023,,,,,,15.6,7.9,59.7,0.6,10.8,,,
00-0032214,Tyler Kroft,TE,MIA,2023,,,,,,23.9,9.9,85.5,0.9,11.3,,,
00-0034575,David Wells,TE,TB,2023,,,,,,61.0,20.5,217.2,2.0,28.4,,,
00-0036032,Sean McKeon,TE,DAL,2023,,,,,,10.4,5.0,40.8,0.3,8.0,,,
00-0035329,Donald Parham,TE,LAC,2023,,,,,,65.0,23.9,243.3,2.1,34.0,,,
00-0036145,Lawrence Cager,TE,NYG,2023,,,,,,23.7,8.8,91.2,0.8,11.3,,,
00-0032062,Blake Bell,TE,KC,2023,,,,,,28.3,13.8,134.8,0.7,19.2,,,
00-0038468,Henry Pearson,TE,GB,2023,,,,,,25.2,9.2,85.5,1.2,11.2,,,
00-0037078,Cole Turner,TE,WAS,2023,,,,,,31.1,14.4,130.8,0.6,19.7,,,
00-0037011,Tre' McKitty,TE,LAC,2023,,,,,,25.3,10.5,89.8,1.0,12.6,,,
00-0035259,Trevon Wesco,TE,TEN,2023,,,,,,11.4,5.2,44.0,0.3,8.2,,,
00-0027696,Jimmy Graham,TE,NO,2023,,,,,,63.8,19.3,200.6,2.1,24.7,,,
00-0031260,Logan Thomas,TE,WAS,2023,,,,,,121.8,44.9,476.6,4.6,66.2,,,
00-0036424,Brycen Hopkins,TE,LA,2023,,,,,,20.9,7.7,81.1,0.8,9.8,,,
00-0034970,Irv Smith,TE,CIN,2023,,,,,,58.2,24.4,225.5,1.8,33.7,,,
00-0034193,Kevin Rader,TE,TEN,2023,,,,,,10.2,4.1,38.4,0.3,6.1,,,
00-0036510,Kenny Yeboah,TE,NYJ,2024,,,,,,22.8,7.8,76.6,0.7,11.0,,,
00-0036556,Brevin Jordan,TE,HOU,2024,,,,,,23.4,9.1,79.4,0.8,12.5,,,
00-0036438,Stephen Sullivan,TE,CAR,2024,,,,,,26.4,10.5,93.1,0.9,13.2,,,
00-0039613,Dallin Holker,TE,NO,2024,,,,,,15.5,7.0,62.6,0.5,10.8,,,
00-0036640,Zach Davidson,TE,BUF,2024,,,,,,58.7,19.7,200.9,1.8,27.7,,,
00-0039420,Jaheim Bell,TE,NE,2024,,,,,,22.4,8.9,86.4,0.7,11.1,,,
00-0034830,Hayden Hurst,TE,LAC,2024,,,,,,33.4,15.7,153.7,0.8,20.6,,,
00-0031299,Jordan Matthews,TE,CAR,2024,,,,,,14.6,6.3,55.0,0.6,8.7,,,
00-0039316,Baylor Cupp,TE,KC,2024,,,,,,23.2,9.2,86.1,0.7,13.6,,,
00-0033895,Gerald Everett,TE,CHI,2024,,,,,,61.4,24.4,258.0,1.9,33.0,,,
00-0031585,MyCole Pruitt,TE,PIT,2024,,,,,,30.7,13.8,135.5,1.0,19.7,,,
00-0031690,Eric Tomlinson,TE,LAC,2024,,,,,,19.7,7.4,61.4,0.7,9.3,,,
00-0032141,Geoff Swaim,TE,CLE,2024,,,,,,22.1,8.9,75.2,0.8,10.9,,,
00-0032134,C.J. Uzomah,TE,PHI,2024,,,,,,22.7,9.2,76.8,0.8,11.9,,,
00-0039814,Erick All,TE,CIN,2024,,,,,,34.1,17.2,154.4,0.6,26.6,,,
00-0038920,John Shenker,TE,LV,2024,,,,,,14.6,6.0,56.4,0.6,8.5,,,
00-0032394,Nick Vannett,TE,TEN,2024,,,,,,44.5,16.2,159.0,1.7,22.5,,,
00-0037451,Rod Williams,TE,PIT,2024,,,,,,15.9,7.0,57.7,0.6,9.2,,,
00-0035547,Joseph Fortson,TE,KC,2024,,,,,,21.2,8.0,66.2,0.8,10.2,,,
00-0037569,Peyton Hendershot,TE,KC,2024,,,,,,19.8,7.6,72.3,0.7,10.1,,,
00-0034364,Jordan Akins,TE,CLE,2024,,,,,,64.2,24.0,253.8,1.6,34.3,,,
00-0040584,Gunnar Helm,TE,TEN,2025,,,,,,91.2,35.4,376.8,2.5,51.4,,,
00-0040628,Drake Dabney,TE,GB,2025,,,,,,22.9,9.0,85.3,0.7,13.1,,,
00-0038041,Jake Ferguson,TE,DAL,2025,,,,,,123.9,55.0,503.0,3.8,81.0,,,
00-0037755,Jelani Woods,TE,NYJ,2025,,,,,,25.8,9.3,87.2,1.1,12.5,,,
00-0037838,Isaiah Likely,TE,BAL,2025,,,,,,77.4,28.5,310.7,2.6,43.2,,,
00-0037805,Jeremy Ruckert,TE,NYJ,2025,,,,,,37.1,16.0,150.8,0.9,22.6,,,
00-0037809,Chig Okonkwo,TE,TEN,2025,,,,,,131.2,54.3,537.7,3.4,73.7,,,
00-0037744,Trey McBride,TE,ARI,2025,,,,,,185.0,73.3,815.2,5.3,106.1,,,
00-0037654,Tucker Fisk,TE,LAC,2025,,,,,,13.7,6.2,55.1,0.5,9.6,,,
00-0038115,Daniel Bellinger,TE,NYG,2025,,,,,,55.4,20.1,223.2,1.7,28.5,,,
00-0038046,Charlie Kolar,TE,BAL,2025,,,,,,33.2,14.7,146.5,1.1,20.9,,,
00-0037539,Lucas Krull,TE,DEN,2025,,,,,,27.4,10.1,94.0,0.9,13.3,,,
00-0037475,Stone Smartt,TE,NYJ,2025,,,,,,27.1,12.4,112.9,0.7,17.1,,,
00-0037348,Tanner Conner,TE,MIA,2025,,,,,,30.4,13.0,121.8,0.6,17.9,,,
00-0037306,John FitzPatrick,TE,GB,2025,,,,,,26.8,12.5,105.7,0.7,17.4,,,
00-0037311,Ko Kieft,TE,TB,2025,,,,,,13.7,6.9,53.5,0.5,10.0,,,
00-0037340,Zaire Mitchell-Paden,TE,NO,2025,,,,,,14.9,6.7,59.8,0.5,10.8,,,
00-0037282,James Mitchell,TE,CAR,2025,,,,,,17.6,7.1,63.0,1.0,10.5,,,
00-0037292,Andrew Ogletree,TE,IND,2025,,,,,,18.1,7.4,65.9,0.7,9.6,,,
00-0037277,Teagan Quitoriano,TE,ATL,2025,,,,,,14.3,6.8,51.9,0.7,9.9,,,
00-0037252,Greg Dulcich,TE,MIA,2025,,,,,,46.7,18.2,191.9,1.1,26.3,,,
00-0038129,Cade Otton,TE,TB,2025,,,,,,132.7,54.5,533.9,3.4,73.0,,,
00-0037112,Jake Tonges,TE,SF,2025,,,,,,53.3,19.9,201.5,2.1,26.8,,,
00-0037086,Grant Calcaterra,TE,PHI,2025,,,,,,27.6,12.4,110.4,0.7,17.3,,,
00-0038456,Travis Vokolek,TE,ARI,2025,,,,,,17.5,8.1,63.9,0.8,11.4,,,
00-0038394,Will Mallory,TE,IND,2025,,,,,,26.3,10.5,95.9,0.9,13.0,,,
00-0037015,Sal Cannella,TE,CLE,2025,,,,,,76.2,13.2,119.5,1.6,16.2,,,
00-0037031,Nikola Kalinic,TE,CHI,2025,,,,,,22.8,8.5,74.7,0.9,12.6,,,
00-0037004,Hunter Long,TE,JAX,2025,,,,,,30.9,13.8,116.3,0.8,18.6,,,
00-0037005,Tommy Tremble,TE,CAR,2025,,,,,,61.5,23.1,232.6,2.0,32.6,,,
00-0038498,E.J. Jenkins,TE,PHI,2025,,,,,,24.9,10.0,87.9,0.9,15.1,,,
00-0024243,Marcedes Lewis,TE,DEN,2025,,,,,,17.2,8.3,62.1,0.7,11.6,,,
00-0036970,Kyle Pitts,TE,ATL,2025,,,,,,130.3,56.9,496.2,3.3,80.6,,,
00-0038547,Luke Schoonmaker,TE,DAL,2025,,,,,,29.7,13.1,126.8,0.6,18.5,,,
00-0036887,Luke Farrell,TE,SF,2025,,,,,,27.1,11.6,111.2,0.8,16.0,,,
00-0036894,Pat Freiermuth,TE,PIT,2025,,,,,,112.5,45.8,469.9,2.2,64.7,,,
00-0036876,Kylen Granson,TE,PHI,2025,,,,,,25.2,11.0,110.7,0.5,15.5,,,
00-0036825,Feleipe Franks,TE,ATL,2025,,,,,,9.6,4.1,36.0,0.4,5.7,,,
00-0038558,Darnell Washington,TE,PIT,2025,,,,,,53.4,22.1,230.9,1.6,30.8,,,
00-0036741,Jack Stoll,TE,NO,2025,,,,,,25.8,11.7,111.8,0.7,16.9,,,
00-0036754,Brock Wright,TE,DET,2025,,,,,,30.5,13.5,123.8,1.1,18.3,,,
00-0036637,Noah Gray,TE,KC,2025,,,,,,69.4,30.0,292.2,2.3,39.9,,,
00-0036628,John Bates,TE,WAS,2025,,,,,,27.7,12.0,111.6,0.7,16.7,,,
00-0038564,Cameron Latu,TE,PHI,2025,,,,,,64.4,23.7,237.8,1.9,29.3,,,
00-0036590,Quintin Morris,TE,JAX,2025,,,,,,22.9,9.5,88.7,0.8,13.3,,,
00-0036534,Shane Zylstra,TE,DET,2025,,,,,,25.7,9.4,88.1,1.2,11.9,,,
00-0038589,Josh Whyle,TE,GB,2025,,,,,,21.4,8.0,79.7,0.8,10.4,,,
00-0038590,Justin Shorter,TE,LV,2025,,,,,,14.5,5.8,51.8,0.7,8.4,,,
00-0030061,Zach Ertz,TE,WAS,2025,,,,,,128.2,51.8,517.4,5.1,72.2,,,
00-0036429,Charlie Woerner,TE,ATL,2025,,,,,,24.1,11.3,97.4,0.6,15.5,,,
00-0036423,Albert Okwuegbunam,TE,LV,2025,,,,,,27.9,10.4,106.5,1.3,12.4,,,
00-0036422,Adam Trautman,TE,DEN,2025,,,,,,58.2,21.5,242.4,1.7,29.6,,,
00-0030506,Travis Kelce,TE,KC,2025,,,,,,133.4,52.4,588.3,3.8,72.5,,,
00-0038710,Blake Whiteheart,TE,CLE,2025,,,,,,20.1,8.1,80.3,0.6,9.4,,,
00-0038720,Julian Hill,TE,MIA,2025,,,,,,28.5,13.0,122.7,0.6,18.1,,,
00-0038643,Brayden Willis,TE,SF,2025,,,,,,10.0,4.1,38.6,0.4,6.1,,,
00-0036332,Josiah Deguara,TE,ARI,2025,,,,,,17.9,6.4,57.5,0.7,8.3,,,
00-0038783,Nate Adkins,TE,DEN,2025,,,,,,30.3,13.1,125.5,0.8,18.4,,,
00-0036290,Cole Kmet,TE,CHI,2025,,,,,,101.8,45.8,433.8,2.5,62.6,,,
00-0031484,Chris Manhertz,TE,NYG,2025,,,,,,12.1,5.6,51.2,0.3,8.8,,,
00-0038735,Princeton Fant,TE,DAL,2025,,,,,,23.8,8.8,78.8,1.0,13.0,,,
00-0036232,Harrison Bryant,TE,HOU,2025,,,,,,20.8,8.4,71.8,0.7,10.6,,,
00-0036244,Colby Parkinson,TE,LA,2025,,,,,,69.5,25.0,272.3,1.7,37.4,,,
00-0031610,Darren Waller,TE,MIA,2025,,,,,,72.8,26.9,297.4,2.5,41.4,,,
00-0038935,Brenton Strange,TE,JAX,2025,,,,,,91.4,27.7,316.9,4.4,38.3,,,
00-0038809,Ben Sims,TE,MIN,2025,,,,,,23.3,9.0,81.8,0.8,11.7,,,
00-0036040,Juwan Johnson,TE,NO,2025,,,,,,147.5,66.1,654.6,3.4,87.5,,,
00-0038933,Dalton Kincaid,TE,BUF,2025,,,,,,143.4,55.0,596.5,4.2,74.7,,,
00-0035956,Giovanni Ricci,TE,DET,2025,,,,,,14.3,7.3,56.1,0.5,10.5,,,
00-0032392,Austin Hooper,TE,NE,2025,,,,,,63.8,24.3,246.8,2.4,33.8,,,
00-0035689,Dawson Knox,TE,BUF,2025,,,,,,74.9,28.0,288.8,2.1,40.0,,,
00-0038996,Tucker Kraft,TE,GB,2025,,,,,,87.9,33.4,371.4,2.1,47.6,,,
00-0035644,Noah Fant,TE,CIN,2025,,,,,,57.0,23.2,241.4,1.8,33.3,,,
00-0035631,Drew Sample,TE,CIN,2025,,,,,,28.0,12.1,112.8,0.7,16.9,,,
00-0039074,Davis Allen,TE,LA,2025,,,,,,39.5,15.6,154.9,1.5,21.4,,,
00-0039041,Elijah Higgins,TE,ARI,2025,,,,,,50.8,23.9,248.8,0.9,32.8,,,
00-0039050,Payne Durham,TE,TB,2025,,,,,,18.1,7.1,59.6,0.6,8.5,,,
00-0033090,Hunter Henry,TE,NE,2025,,,,,,143.1,59.4,611.1,3.6,82.7,,,
00-0033110,Tyler Higbee,TE,LA,2025,,,,,,67.4,26.0,270.7,2.7,38.4,,,
00-0039065,Sam LaPorta,TE,DET,2025,,,,,,115.7,46.4,485.8,3.2,64.7,,,
00-0039066,Michael Mayer,TE,LV,2025,,,,,,72.8,28.3,290.6,1.9,40.7,,,
00-0033217,Mo Alie-Cox,TE,IND,2025,,,,,,29.6,12.3,120.2,1.1,17.0,,,
00-0033246,Johnny Mundt,TE,JAX,2025,,,,,,27.2,11.5,108.6,0.6,16.3,,,
00-0033288,George Kittle,TE,SF,2025,,,,,,149.1,54.8,642.3,5.1,75.4,,,
00-0039305,Jack Westover,TE,NE,2025,,,,,,11.8,4.7,48.0,0.4,6.6,,,
00-0039144,Luke Musgrave,TE,GB,2025,,,,,,53.2,21.8,243.2,1.1,31.0,,,
00-0039356,Ja'Tavion Sanders,TE,CAR,2025,,,,,,77.6,33.5,336.8,2.1,44.8,,,
00-0039359,Cade Stover,TE,HOU,2025,,,,,,32.2,14.5,135.9,0.8,19.9,,,
00-0035249,Josh Oliver,TE,MIN,2025,,,,,,65.8,21.2,222.3,2.1,29.5,,,
00-0033357,Taysom Hill,TE,NO,2025,,,,,,84.1,18.4,173.5,1.4,23.4,,,
00-0035229,T.J. Hockenson,TE,MIN,2025,,,,,,97.2,40.4,438.6,2.1,56.5,,,
00-0039338,Brock Bowers,TE,LV,2025,,,,,,151.3,50.7,637.3,5.3,76.4,,,
00-0033439,Pharaoh Brown,TE,ARI,2025,,,,,,20.2,8.1,67.9,0.7,9.0,,,
00-0033455,Anthony Firkser,TE,DET,2025,,,,,,33.8,14.1,143.7,0.9,19.3,,,
00-0033576,Eric Saubert,TE,SEA,2025,,,,,,17.9,7.3,67.0,0.6,8.9,,,
00-0039530,Brevyn Spann-Ford,TE,DAL,2025,,,,,,27.6,11.6,111.6,0.6,16.2,,,
00-0034981,Foster Moreau,TE,NO,2025,,,,,,34.0,14.5,150.0,1.0,19.3,,,
00-0033757,Robert Tonyan,TE,KC,2025,,,,,,23.2,9.0,78.0,0.8,11.8,,,
00-0039458,Brenden Bates,TE,CLE,2025,,,,,,14.7,6.4,67.7,0.5,10.3,,,
00-0039489,Hayden Rucci,TE,MIA,2025,,,,,,24.1,9.1,82.5,0.9,13.4,,,
00-0039737,Tip Reiman,TE,ARI,2025,,,,,,23.7,9.4,87.7,0.8,12.3,,,
00-0033858,Jonnu Smith,TE,PIT,2025,,,,,,96.1,45.2,419.4,2.3,61.5,,,
00-0034829,Mike Gesicki,TE,CIN,2025,,,,,,81.7,30.8,325.6,2.6,43.2,,,
00-0039754,Devin Culp,TE,TB,2025,,,,,,15.1,6.3,55.7,0.9,9.0,,,
00-0039793,AJ Barner,TE,SEA,2025,,,,,,98.2,34.9,374.7,3.6,49.0,,,
00-0039631,Cam Grandy,TE,CIN,2025,,,,,,18.2,7.9,65.8,0.9,11.5,,,
00-0039648,David Martin-Robinson,TE,TEN,2025,,,,,,10.5,4.8,47.2,0.4,7.3,,,
00-0039686,Colson Yankoff,TE,WAS,2025,,,,,,10.9,5.0,45.2,0.3,8.0,,,
00-0034798,Durham Smythe,TE,CHI,2025,,,,,,20.8,8.1,74.9,0.7,10.2,,,
00-0033881,Evan Engram,TE,DEN,2025,,,,,,103.0,44.8,480.3,2.7,60.1,,,
00-0033885,David Njoku,TE,CLE,2025,,,,,,107.5,45.8,472.9,2.9,64.6,,,
00-0034753,Mark Andrews,TE,BAL,2025,,,,,,88.1,37.6,390.0,2.1,58.6,,,
00-0039824,Jared Wiley,TE,KC,2025,,,,,,22.2,8.8,82.0,0.7,13.4,,,
00-0039847,Theo Johnson,TE,NYG,2025,,,,,,133.4,50.2,547.9,4.0,66.7,,,
00-0034613,Tanner Hudson,TE,CIN,2025,,,,,,71.0,27.1,281.3,2.1,36.9,,,
00-0034073,Ross Dwelley,TE,DET,2025,,,,,,13.2,6.0,57.7,0.4,9.4,,,
00-0034159,Will Dissly,TE,LAC,2025,,,,,,36.1,15.1,160.2,0.8,19.7,,,
00-0039912,Ben Sinnott,TE,WAS,2025,,,,,,26.8,11.8,110.3,0.8,16.6,,,
00-0034383,Dalton Schultz,TE,HOU,2025,,,,,,130.7,67.9,529.5,3.3,90.3,,,
00-0034365,Ian Thomas,TE,LV,2025,,,,,,25.7,11.3,100.2,0.6,16.5,,,
00-0034351,Dallas Goedert,TE,PHI,2025,,,,,,140.2,53.4,591.7,3.7,74.4,,,
00-0034270,Tyler Conklin,TE,LAC,2025,,,,,,61.0,22.8,251.0,2.1,32.0,,,
00-0040128,Tyler Warren,TE,IND,2025,,,,,,144.3,56.0,603.3,4.4,72.4,,,
00-0040194,Jackson Hawes,TE,BUF,2025,,,,,,60.0,20.6,217.4,2.0,29.2,,,
00-0040058,Nick Kallerup,TE,SEA,2025,,,,,,11.1,4.7,47.5,0.4,6.4,,,
00-0040126,Colston Loveland,TE,CHI,2025,,,,,,140.8,57.4,609.0,3.7,81.9,,,
00-0040363,Keleki Latu,TE,BUF,2025,,,,,,18.5,7.7,75.1,1.0,11.4,,,
00-0040187,Mitchell Evans,TE,CAR,2025,,,,,,60.1,25.2,245.8,1.8,37.3,,,
00-0040189,Oronde Gadsden II,TE,LAC,2025,,,,,,144.9,57.2,618.4,3.8,78.0,,,
00-0040509,Ben Yurosek,TE,MIN,2025,,,,,,12.0,5.5,50.9,0.3,8.7,,,
00-0040225,Thomas Fidone II,TE,NYG,2025,,,,,,23.0,8.6,78.3,0.9,12.7,,,
00-0040244,Moliki Matavao,TE,NO,2025,,,,,,23.5,9.6,89.8,0.7,14.4,,,
00-0040663,Harold Fannin Jr.,TE,CLE,2025,,,,,,142.4,52.9,601.0,4.3,72.3,,,
00-0040488,Carter Runyon,TE,LV,2025,,,,,,13.3,5.7,52.4,0.5,8.2,,,
00-0040737,Terrance Ferguson,TE,LA,2025,,,,,,58.5,21.2,226.1,2.3,28.4,,,
00-0040739,Elijah Arroyo,TE,SEA,2025,,,,,,32.7,15.6,158.8,0.8,25.1,,,
00-0040736,Mason Taylor,TE,NYJ,2025,,,,,,100.1,43.4,450.8,2.9,65.1,,,
00-0025944,Steven Hauschka,K,JAX,2020,,,,,,61.3,,,,,14.0,15.8,19.3
00-0024333,Stephen Gostkowski,K,TEN,2020,,,,,,107.8,,,,,25.9,30.0,30.1
00-0028787,Kai Forbath,K,LA,2020,,,,,,54.7,,,,,12.7,15.1,16.6
00-0028660,Dan Bailey,K,MIN,2020,,,,,,100.0,,,,,22.6,26.9,32.2
00-0036436,Sam Sloman,K,TEN,2020,,,,,,102.7,,,,,24.9,28.6,28.0
00-0036459,Taylor Russolino,K,DEN,2020,,,,,,50.9,,,,,11.2,13.4,17.3
00-0031385,Sergio Castillo,K,NYJ,2020,,,,,,42.3,,,,,8.9,11.7,15.6
00-0033138,Sam Ficken,K,NYJ,2020,,,,,,71.7,,,,,17.5,20.5,19.2
00-0032835,Jon Brown,K,JAX,2020,,,,,,49.9,,,,,11.3,13.3,16.0
00-0023482,Mike Nugent,K,ARI,2020,,,,,,49.2,,,,,10.6,13.4,17.4
00-0035758,Lirim Hajrullahu,K,CAR,2021,,,,,,52.8,,,,,11.9,14.1,17.1
00-0032870,Aldrick Rosas,K,DET,2021,,,,,,81.9,,,,,19.6,21.8,23.1
00-0030850,Cody Parkey,K,NO,2021,,,,,,67.3,,,,,15.3,17.2,21.4
00-0034921,Elliott Fry,K,CIN,2021,,,,,,50.7,,,,,11.3,13.7,16.8
00-0034913,Chris Blewitt,K,WAS,2021,,,,,,62.2,,,,,14.5,17.4,18.7
00-0036515,Chris Naggar,K,CLE,2021,,,,,,49.6,,,,,11.2,13.3,16.0
00-0034648,Ryan Santoso,K,DET,2021,,,,,,51.9,,,,,11.2,13.6,18.3
00-0036714,Alex Kessman,K,NYJ,2021,,,,,,49.6,,,,,11.2,13.3,16.0
00-0036703,Brian Johnson,K,WAS,2021,,,,,,78.6,,,,,18.8,20.7,22.2
00-0023252,Robbie Gould,K,SF,2022,,,,,,105.1,,,,,23.5,28.2,34.6
00-0037645,Nick Sciba,K,PIT,2022,,,,,,50.8,,,,,11.2,13.4,17.2
00-0037606,Caleb Shudak,K,TEN,2022,,,,,,50.9,,,,,11.2,13.4,17.3
00-0026968,Ryan Succop,K,TB,2022,,,,,,94.8,,,,,22.5,25.9,27.3
00-0034909,Tristan Vizcaino,K,NE,2022,,,,,,59.6,,,,,14.3,16.7,16.7
00-0036168,Dominik Eberle,K,DET,2022,,,,,,50.0,,,,,11.4,13.5,15.8
00-0032087,Josh Lambo,K,TEN,2022,,,,,,59.5,,,,,14.3,16.8,16.6
00-0035849,Rodrigo Blankenship,K,ARI,2022,,,,,,62.3,,,,,14.1,16.3,20.0
00-0035761,Ramiz Ahmed,K,GB,2022,,,,,,49.9,,,,,11.3,13.3,16.0
00-0032669,Taylor Bertolet,K,LAC,2022,,,,,,60.2,,,,,14.4,17.1,17.0
00-0025580,Mason Crosby,K,NYG,2023,,,,,,73.5,,,,,15.8,17.8,26.1
00-0030332,Brett Maher,K,LA,2023,,,,,,90.5,,,,,21.3,23.9,26.6
00-0029421,Randy Bullock,K,NYG,2023,,,,,,85.9,,,,,20.0,21.8,25.9
00-0036469,Matt Ammendola,K,HOU,2023,,,,,,69.5,,,,,17.2,18.7,17.9
00-0029621,Greg Zuerlein,K,NYJ,2024,,,,,,80.2,,,,,18.1,19.7,25.9
00-0030098,Dustin Hopkins,K,CLE,2024,,,,,,95.8,,,,,23.6,25.8,25.0
00-0029597,Justin Tucker,K,BAL,2024,,,,,,121.0,,,,,26.9,32.7,40.3
00-0035145,Austin Seibert,K,WAS,2024,,,,,,98.0,,,,,22.6,25.5,30.2
00-0039649,Brayden Narveson,K,TEN,2024,,,,,,84.3,,,,,21.6,25.1,19.5
00-0034794,Jason Sanders,K,MIA,2024,,,,,,122.0,,,,,30.6,35.6,30.2
00-0036162,Tyler Bass,K,BUF,2024,,,,,,119.0,,,,,26.4,32.5,39.8
00-0038402,Anders Carlson,K,NYJ,2024,,,,,,89.7,,,,,20.8,23.3,27.3
00-0034450,Greg Joseph,K,NYJ,2024,,,,,,91.9,,,,,21.5,23.2,27.4
00-0038097,Cade York,K,CIN,2024,,,,,,100.4,,,,,24.0,26.5,28.4
00-0023853,Matt Prater,K,BUF,2025,,,,,,101.3,,,,,22.4,25.8,34.1
00-0037692,Brandon Aubrey,K,DAL,2025,,,,,,135.1,,,,,32.2,38.1,38.5
00-0037542,John Parker Romo,K,ATL,2025,,,,,,68.0,,,,,16.7,18.9,17.9
00-0038152,Lucas Havrisik,K,GB,2025,,,,,,58.8,,,,,13.7,15.8,17.7
00-0037224,Cameron Dicker,K,LAC,2025,,,,,,122.2,,,,,29.7,34.9,33.1
00-0038428,Andre Szmyt,K,CLE,2025,,,,,,91.5,,,,,23.2,27.3,21.9
00-0025565,Nick Folk,K,NYJ,2025,,,,,,109.0,,,,,26.8,31.0,28.6
00-0026858,Graham Gano,K,NYG,2025,,,,,,46.3,,,,,11.3,13.4,12.4
00-0038562,Jake Moody,K,WAS,2025,,,,,,94.4,,,,,22.1,26.0,28.1
00-0036854,Evan McPherson,K,CIN,2025,,,,,,103.4,,,,,23.3,28.1,33.5
00-0036816,Riley Patterson,K,MIA,2025,,,,,,98.2,,,,,22.9,26.8,29.5
00-0038567,Chad Ryland,K,ARI,2025,,,,,,96.9,,,,,22.3,26.8,30.0
00-0029822,Brandon McManus,K,GB,2025,,,,,,102.3,,,,,24.5,28.3,28.8
00-0031136,Chris Boswell,K,PIT,2025,,,,,,117.9,,,,,28.1,33.8,33.6
00-0031203,Cairo Santos,K,CHI,2025,,,,,,104.3,,,,,24.4,28.7,31.1
00-0031492,Jason Myers,K,SEA,2025,,,,,,136.4,,,,,31.6,37.5,41.6
00-0038905,Blake Grupe,K,IND,2025,,,,,,93.4,,,,,21.8,25.3,28.0
00-0032569,Wil Lutz,K,DEN,2025,,,,,,94.0,,,,,20.9,25.0,31.3
00-0032726,Ka'imi Fairbairn,K,HOU,2025,,,,,,127.3,,,,,29.8,32.6,37.9
00-0035358,Chase McLaughlin,K,TB,2025,,,,,,115.1,,,,,28.5,33.5,29.6
00-0033303,Harrison Butker,K,KC,2025,,,,,,113.6,,,,,28.3,32.9,28.7
00-0039172,Jake Bates,K,DET,2025,,,,,,118.1,,,,,25.1,31.1,42.8
00-0039229,Charlie Smyth,K,NO,2025,,,,,,86.3,,,,,19.6,22.4,27.5
00-0035269,Matt Gay,K,SF,2025,,,,,,106.6,,,,,26.0,29.8,28.6
00-0035192,Joey Slye,K,TEN,2025,,,,,,102.9,,,,,24.6,29.5,29.1
00-0035189,Matthew Wright,K,HOU,2025,,,,,,51.6,,,,,12.1,13.7,15.3
00-0039404,Will Reichard,K,MIN,2025,,,,,,93.8,,,,,22.1,25.5,27.5
00-0039409,Cam Little,K,JAX,2025,,,,,,96.2,,,,,20.7,24.5,34.1
00-0039498,Harrison Mevis,K,LA,2025,,,,,,97.3,,,,,23.5,28.0,26.8
00-0033702,Younghoe Koo,K,NYG,2025,,,,,,79.9,,,,,18.5,20.2,24.4
00-0033787,Jake Elliott,K,PHI,2025,,,,,,112.6,,,,,26.1,30.9,34.3
00-0039576,Spencer Shrader,K,IND,2025,,,,,,66.4,,,,,16.3,18.5,17.5
00-0033862,Zane Gonzalez,K,ATL,2025,,,,,,101.0,,,,,24.0,26.4,29.0
00-0039750,Joshua Karty,K,LA,2025,,,,,,97.2,,,,,23.1,26.6,27.9
00-0034084,Mike Badgley,K,BUF,2025,,,,,,93.3,,,,,23.0,25.6,24.3
00-0034161,Daniel Carlson,K,LV,2025,,,,,,108.6,,,,,26.4,30.6,29.4
00-0034173,Eddy Pineiro,K,SF,2025,,,,,,106.4,,,,,25.6,29.9,29.6
00-0039934,Jude McAtamney,K,NYG,2025,,,,,,79.2,,,,,19.2,21.9,21.6
00-0040200,Andy Borregales,K,NE,2025,,,,,,118.7,,,,,25.2,30.9,43.1
00-0040074,Tyler Loop,K,BAL,2025,,,,,,120.3,,,,,29.1,34.3,33.0
00-0040279,Ryan Fitzgerald,K,CAR,2025,,,,,,112.3,,,,,26.8,30.9,31.9
00-0040530,Ben Sauls,K,NYG,2025,,,,,,54.7,,,,,13.5,16.6,14.2
